Post ID,發布時間 (GMT+8),貼文連結,抓取日期,讚數,留言數,分享數,點擊數,觸及人數,影片觀看,自然觀看,付費觀看,讚,愛心,哇,哈哈,嗚嗚,怒,data_updated_at
103640919705348_1178339901156772,2025-12-15 10:00:36,https://www.facebook.com/1115814590742637/posts/1178339901156772,2025-12-18,26,1,8,77,1168,0,0,0,23,3,0,0,0,0,2026-01-15 14:58:28
103640919705348_1178339901156772,2025-12-15 10:00:36,https://www.facebook.com/1115814590742637/posts/1178339901156772,2025-12-17,26,1,8,74,1081,0,0,0,23,3,0,0,0,0,2026-01-15 14:58:28
103640919705348_1178339901156772,2025-12-15 10:00:36,https://www.facebook.com/1115814590742637/posts/1178339901156772,2025-12-16,21,1,7,68,963,0,0,0,18,3,0,0,0,0,2026-01-15 14:58:28
103640919705348_4280302045579531,2025-12-11 09:30:00,https://www.facebook.com/1115814590742637/videos/4280302045579531,2025-12-18,22,4,0,20,917,25,25,0,0,0,0,0,0,0,2026-01-15 14:58:28
103640919705348_4280302045579531,2025-12-11 09:30:00,https://www.facebook.com/1115814590742637/videos/4280302045579531,2025-12-17,22,4,0,20,903,19,19,0,0,0,0,0,0,0,2026-01-15 14:58:28
103640919705348_4280302045579531,2025-12-11 09:30:00,https://www.facebook.com/1115814590742637/videos/4280302045579531,2025-12-16,22,4,0,20,883,26,26,0,0,0,0,0,0,0,2026-01-15 14:58:28
103640919705348_1174874021503360,2025-12-10 15:00:08,https://www.facebook.com/1115814590742637/posts/1174874021503360,2025-12-18,2025-12-18,47,10,716,6291,0,0,0,99,0,0,12,0,4,2026-01-15 14:58:28
103640919705348_1174874021503360,2025-12-10 15:00:08,https://www.facebook.com/1115814590742637/posts/1174874021503360,2025-12-17,115,47,10,716,6241,0,0,0,99,0,0,12,0,4,2026-01-15 14:58:28
103640919705348_1174874021503360,2025-12-10 15:00:08,https://www.facebook.com/1115814590742637/posts/1174874021503360,2025-12-16,115,47,10,715,6175,0,0,0,99,0,0,12,0,4,2026-01-15 14:58:28
103640919705348_822582697438772,2025-12-10 10:01:03,https://www.facebook.com/1115814590742637/videos/822582697438772,2025-12-18,21,0,0,19,568,6,6,0,0,0,0,0,0,0,2026-01-15 14:58:28
103640919705348_822582697438772,2025-12-10 10:01:03,https://www.facebook.com/1115814590742637/videos/822582697438772,2025-12-17,20,0,0,19,563,5,5,0,0,0,0,0,0,0,2026-01-15 14:58:28
103640919705348_822582697438772,2025-12-10 10:01:03,https://www.facebook.com/1115814590742637/videos/822582697438772,2025-12-16,20,0,0,19,555,5,5,0,0,0,0,0,0,0,2026-01-15 14:58:28
103640919705348_1170621065261989,2025-12-04 18:30:06,https://www.facebook.com/1115814590742637/posts/1170621065261989,2025-12-18,48,4,4,272,12422,0,0,0,43,0,1,4,0,0,2026-01-15 14:58:28
103640919705348_1170621065261989,2025-12-04 18:30:06,https://www.facebook.com/1115814590742637/posts/1170621065261989,2025-12-17,48,4,4,272,12422,0,0,0,43,0,1,4,0,0,2026-01-15 14:58:28
103640919705348_1170621065261989,2025-12-04 18:30:06,https://www.facebook.com/1115814590742637/posts/1170621065261989,2025-12-16,48,4,4,272,12419,0,0,0,43,0,1,4,0,0,2026-01-15 14:58:28
103640919705348_1168990698758359,2025-12-02 12:00:13,https://www.facebook.com/1115814590742637/posts/1168990698758359,2025-12-18,57,6,3,169,2535,0,0,0,57,0,0,0,0,0,2026-01-15 14:58:28
103640919705348_1168990698758359,2025-12-02 12:00:13,https://www.facebook.com/1115814590742637/posts/1168990698758359,2025-12-17,57,6,4,169,2531,0,0,0,57,0,0,0,0,0,2026-01-15 14:58:28
103640919705348_1168990698758359,2025-12-02 12:00:13,https://www.facebook.com/1115814590742637/posts/1168990698758359,2025-12-16,57,6,4,169,2531,0,0,0,57,0,0,0,0,0,2026-01-15 14:58:28
103640919705348_1168442732146489,2025-12-01 18:00:09,https://www.facebook.com/1115814590742637/posts/1168442732146489,2025-12-18,26,2,13,78,1448,0,0,0,26,0,0,0,0,0,2026-01-15 14:58:28
103640919705348_1168442732146489,2025-12-01 18:00:09,https://www.facebook.com/1115814590742637/posts/1168442732146489,2025-12-17,26,2,13,77,1444,0,0,0,26,0,0,0,0,0,2026-01-15 14:58:28
103640919705348_1168442732146489,2025-12-01 18:00:09,https://www.facebook.com/1115814590742637/posts/1168442732146489,2025-12-16,26,2,13,75,1434,0,0,0,26,0,0,0,0,0,2026-01-15 14:58:28
103640919705348_1166355785688517,2025-11-28 21:00:03,https://www.facebook.com/1115814590742637/posts/1166355785688517,2025-12-18,17,1,0,35,1081,0,0,0,14,2,0,0,0,1,2026-01-15 14:58:28
103640919705348_1166355785688517,2025-11-28 21:00:03,https://www.facebook.com/1115814590742637/posts/1166355785688517,2025-12-17,17,1,0,35,1079,0,0,0,14,2,0,0,0,1,2026-01-15 14:58:28
103640919705348_1166355785688517,2025-11-28 21:00:03,https://www.facebook.com/1115814590742637/posts/1166355785688517,2025-12-16,17,1,0,35,1074,0,0,0,14,2,0,0,0,1,2026-01-15 14:58:28
103640919705348_1166259362364826,2025-11-28 18:00:08,https://www.facebook.com/1115814590742637/posts/1166259362364826,2025-12-18,610,464,11,10536,77138,0,0,0,205,2,3,279,1,120,2026-01-15 14:58:28
103640919705348_1166259362364826,2025-11-28 18:00:08,https://www.facebook.com/1115814590742637/posts/1166259362364826,2025-12-17,610,464,11,10536,77138,0,0,0,205,2,3,279,1,120,2026-01-15 14:58:28
103640919705348_1166259362364826,2025-11-28 18:00:08,https://www.facebook.com/1115814590742637/posts/1166259362364826,2025-12-16,610,464,11,10536,77138,0,0,0,205,2,3,279,1,120,2026-01-15 14:58:28
103640919705348_1163047569352672,2025-11-24 12:00:11,https://www.facebook.com/1115814590742637/posts/1163047569352672,2025-12-18,8,2,0,6,747,0,0,0,7,0,0,0,0,1,2026-01-15 14:58:28
103640919705348_1163047569352672,2025-11-24 12:00:11,https://www.facebook.com/1115814590742637/posts/1163047569352672,2025-12-17,8,2,0,6,747,0,0,0,7,0,0,0,0,1,2026-01-15 14:58:28
103640919705348_1163047569352672,2025-11-24 12:00:11,https://www.facebook.com/1115814590742637/posts/1163047569352672,2025-12-16,8,2,0,6,741,0,0,0,7,0,0,0,0,1,2026-01-15 14:58:28
103640919705348_1160719506252145,2025-11-21 12:00:05,https://www.facebook.com/1115814590742637/posts/1160719506252145,2025-12-18,11,1,0,21,914,0,0,0,7,0,0,0,0,4,2026-01-15 14:58:28
103640919705348_1160719506252145,2025-11-21 12:00:05,https://www.facebook.com/1115814590742637/posts/1160719506252145,2025-12-17,11,1,0,21,914,0,0,0,7,0,0,0,0,4,2026-01-15 14:58:28
103640919705348_1160719506252145,2025-11-21 12:00:05,https://www.facebook.com/1115814590742637/posts/1160719506252145,2025-12-16,11,1,0,21,907,0,0,0,7,0,0,0,0,4,2026-01-15 14:58:28
103640919705348_1158537509803678,2025-11-18 18:00:38,https://www.facebook.com/1115814590742637/posts/1158537509803678,2025-12-17,46,20,3,156,2255,0,0,0,33,0,0,7,0,6,2026-01-15 14:58:28
103640919705348_1158537509803678,2025-11-18 18:00:38,https://www.facebook.com/1115814590742637/posts/1158537509803678,2025-12-16,46,20,3,156,2249,0,0,0,33,0,0,7,0,6,2026-01-15 14:58:28
103640919705348_1158361969821232,2025-11-18 12:00:10,https://www.facebook.com/1115814590742637/posts/1158361969821232,2025-12-17,50,0,11,93,2341,0,0,0,39,2,0,1,0,8,2026-01-15 14:58:28
103640919705348_1158361969821232,2025-11-18 12:00:10,https://www.facebook.com/1115814590742637/posts/1158361969821232,2025-12-16,50,0,11,93,2338,0,0,0,39,2,0,1,0,8,2026-01-15 14:58:28
103640919705348_1157850333205729,2025-11-17 19:44:30,https://www.facebook.com/1115814590742637/posts/1157850333205729,2025-12-16,985,1148,48,29407,57006,0,0,0,369,3,10,524,0,79,2026-01-15 14:58:28
103640919705348_1155511413439621,2025-11-14 18:00:18,https://www.facebook.com/1115814590742637/posts/1155511413439621,2025-12-16,0,0,0,342,11819,0,0,0,197,11,1,4,30,2,2026-01-15 14:58:28
103640919705348_1155421470115282,2025-11-14 15:00:09,https://www.facebook.com/1115814590742637/posts/1155421470115282,2025-12-16,0,0,0,41,2892,0,0,0,11,1,0,3,0,7,2026-01-15 14:58:28
103640919705348_1155309043459858,2025-11-14 11:13:29,https://www.facebook.com/1115814590742637/posts/1155309043459858,2025-12-16,0,0,0,20010,91180,0,0,0,644,4,17,678,8,66,2026-01-15 14:58:28
103640919705348_1154658070191622,2025-11-13 15:00:05,https://www.facebook.com/1115814590742637/posts/1154658070191622,2025-12-16,0,0,0,518,7943,0,0,0,424,8,0,3,1,2,2026-01-15 14:58:28
103640919705348_1154549066869189,2025-11-13 11:30:01,https://www.facebook.com/1115814590742637/posts/1154549066869189,2025-12-16,0,0,0,22,1619,0,0,0,11,1,0,0,0,0,2026-01-15 14:58:28
103640919705348_1153851723605590,2025-11-12 15:00:18,https://www.facebook.com/1115814590742637/posts/1153851723605590,2025-12-16,0,0,0,27,1507,0,0,0,8,1,0,0,0,0,2026-01-15 14:58:28
103640919705348_1148657197458376,2025-11-06 15:59:46,https://www.facebook.com/1115814590742637/posts/1148657197458376,2025-12-16,0,0,0,29,1591,0,0,0,30,1,0,0,0,0,2026-01-15 14:58:28
103640919705348_1142625028061593,2025-10-30 19:08:41,https://www.facebook.com/reel/3056913261162135/,2025-12-16,0,0,0,19,1476,1,1,0,0,0,0,0,0,0,2026-01-15 14:58:28
103640919705348_1141113864879376,2025-10-28 19:00:39,https://www.facebook.com/1115814590742637/posts/1141113864879376,2025-12-16,0,0,0,61,1282,0,0,0,15,0,0,4,0,2,2026-01-15 14:58:28
103640919705348_1137468985243864,2025-10-24 18:01:14,https://www.facebook.com/1115814590742637/posts/1137468985243864,2025-12-16,0,0,0,32,1398,0,0,0,8,1,0,0,0,1,2026-01-15 14:58:28
103640919705348_1136492182008211,2025-10-23 16:16:42,https://www.facebook.com/1115814590742637/posts/1136492182008211,2025-12-16,0,0,0,12,1514,0,0,0,12,0,0,0,0,2,2026-01-15 14:58:28
103640919705348_1135672072090222,2025-10-22 18:45:03,https://www.facebook.com/1115814590742637/posts/1135672072090222,2025-12-16,0,0,0,7,1061,0,0,0,11,0,0,0,0,2,2026-01-15 14:58:28
103640919705348_1135562125434550,2025-10-22 15:30:02,https://www.facebook.com/1115814590742637/posts/1135562125434550,2025-12-16,0,0,0,15,942,0,0,0,8,0,0,0,0,2,2026-01-15 14:58:28
103640919705348_1134874185503344,2025-10-21 18:30:33,https://www.facebook.com/1115814590742637/posts/1134874185503344,2025-12-16,0,0,0,18,1253,0,0,0,12,0,0,0,0,2,2026-01-15 14:58:28
103640919705348_1134771982180231,2025-10-21 15:40:04,https://www.facebook.com/1115814590742637/posts/1134771982180231,2025-12-16,0,0,0,19,993,0,0,0,7,1,0,0,0,2,2026-01-15 14:58:28
103640919705348_1131263662531063,2025-10-17 18:10:05,https://www.facebook.com/1115814590742637/posts/1131263662531063,2025-12-16,0,0,0,66,1372,0,0,0,19,1,0,0,0,1,2026-01-15 14:58:28
103640919705348_1129542262703203,2025-10-15 18:00:17,https://www.facebook.com/1115814590742637/posts/1129542262703203,2025-12-16,0,0,0,22,945,0,0,0,22,0,0,0,0,0,2026-01-15 14:58:28
103640919705348_1127796312877798,2025-10-13 16:37:45,https://www.facebook.com/1115814590742637/posts/1127796312877798,2025-12-16,0,0,0,54,1245,0,0,0,26,0,0,0,0,0,2026-01-15 14:58:28
103640919705348_1123984653258964,2025-10-09 15:38:38,https://www.facebook.com/1115814590742637/posts/1123984653258964,2025-12-16,0,0,0,23,861,0,0,0,15,0,0,0,0,0,2026-01-15 14:58:28
103640919705348_1122328536757909,2025-10-07 20:15:03,https://www.facebook.com/1115814590742637/posts/1122328536757909,2025-12-16,0,0,0,62,1223,0,0,0,24,0,0,0,0,0,2026-01-15 14:58:28
103640919705348_1122225276768235,2025-10-07 17:30:05,https://www.facebook.com/1115814590742637/posts/1122225276768235,2025-12-16,0,0,0,156,1700,0,0,0,57,4,0,0,0,0,2026-01-15 14:58:28
103640919705348_1118586260465470,2025-10-03 18:15:43,https://www.facebook.com/1115814590742637/posts/1118586260465470,2025-12-16,0,0,0,30,1091,0,0,0,20,1,0,0,0,0,2026-01-15 14:58:28
103640919705348_1118413803816049,2025-10-03 13:30:17,https://www.facebook.com/1115814590742637/posts/1118413803816049,2025-12-16,0,0,0,83,1400,0,0,0,30,2,0,0,0,0,2026-01-15 14:58:28
103640919705348_1117610163896413,2025-10-02 18:00:07,https://www.facebook.com/1115814590742637/posts/1117610163896413,2025-12-16,0,0,0,1129,35737,0,0,0,181,1,18,6,3,4,2026-01-15 14:58:28
103640919705348_1117417193915710,2025-10-02 12:45:02,https://www.facebook.com/1115814590742637/posts/1117417193915710,2025-12-16,0,0,0,38,1014,0,0,0,14,1,0,0,0,0,2026-01-15 14:58:28
103640919705348_1116756210648475,2025-10-01 18:35:04,https://www.facebook.com/1115814590742637/posts/1116756210648475,2025-12-16,0,0,0,36,2044,0,0,0,22,0,0,0,0,1,2026-01-15 14:58:28
103640919705348_780669138147055,2025-09-30 11:56:19,https://www.facebook.com/1115814590742637/posts/780669138147055?substory_index=780669138147055,2025-12-16,0,0,0,13,592,0,0,0,0,0,0,0,0,0,2026-01-15 14:58:28
103640919705348_1114945644162865,2025-09-29 18:01:07,https://www.facebook.com/1115814590742637/posts/1114945644162865,2025-12-16,0,0,0,85,1442,0,0,0,51,1,0,0,0,0,2026-01-15 14:58:28
103640919705348_1112455191078577,2025-09-26 18:01:06,https://www.facebook.com/1115814590742637/posts/1112455191078577,2025-12-16,0,0,0,19,1650,0,0,0,37,0,0,0,0,0,2026-01-15 14:58:28
103640919705348_1112292774428152,2025-09-26 13:10:03,https://www.facebook.com/1115814590742637/posts/1112292774428152,2025-12-16,0,0,0,55,1808,0,0,0,18,1,0,0,0,0,2026-01-15 14:58:28
103640919705348_2263017100887631,2025-09-24 17:30:03,https://www.facebook.com/events/2263017100887631/,2025-12-16,0,0,0,11,506,0,0,0,0,0,0,0,0,0,2026-01-15 14:58:28
103640919705348_1105779671746129,2025-09-18 18:30:12,https://www.facebook.com/1115814590742637/posts/1105779671746129,2025-12-16,0,0,0,2247,74554,0,0,0,182,2,4,1,0,0,2026-01-15 14:58:28
103640919705348_1104896365167793,2025-09-17 17:01:48,https://www.facebook.com/1115814590742637/posts/1104896365167793,2025-12-16,0,0,0,59,1314,0,0,0,27,0,0,0,0,0,2026-01-15 14:58:28
103640919705348_1103303611993735,2025-09-15 18:01:12,https://www.facebook.com/1115814590742637/posts/1103303611993735,2025-12-16,0,0,0,74,1852,0,0,0,42,0,0,0,0,0,2026-01-15 14:58:28
103640919705348_1100089485648481,2025-09-11 18:01:01,https://www.facebook.com/1115814590742637/posts/1100089485648481,2025-12-16,0,0,0,14,727,0,0,0,14,0,0,0,0,0,2026-01-15 14:58:28
103640919705348_2928401387366641,2025-09-10 17:56:29,https://www.facebook.com/1115814590742637/posts/2928401387366641?substory_index=2928401387366641,2025-12-16,0,0,0,24,546,0,0,0,0,0,0,0,0,0,2026-01-15 14:58:28
103640919705348_1098498562474240,2025-09-09 17:37:29,https://www.facebook.com/1115814590742637/posts/1098498562474240,2025-12-16,0,0,0,14,675,0,0,0,11,0,0,0,0,0,2026-01-15 14:58:28
103640919705348_1097768179213945,2025-09-08 18:30:08,https://www.facebook.com/1115814590742637/posts/1097768179213945,2025-12-16,0,0,0,22,782,0,0,0,14,0,0,0,0,0,2026-01-15 14:58:28
103640919705348_1095468532777243,2025-09-05 18:00:40,https://www.facebook.com/1115814590742637/posts/1095468532777243,2025-12-16,0,0,0,56,1148,0,0,0,19,1,0,0,0,0,2026-01-15 14:58:28
103640919705348_1093193623004734,2025-09-02 18:00:43,https://www.facebook.com/1115814590742637/posts/1093193623004734,2025-12-16,0,0,0,82,1177,0,0,0,28,0,0,1,0,0,2026-01-15 14:58:28
103640919705348_1090118449978918,2025-08-29 17:00:05,https://www.facebook.com/1115814590742637/posts/1090118449978918,2025-12-16,0,0,0,102,1723,0,0,0,41,0,0,0,0,0,2026-01-15 14:58:28
103640919705348_1088594283464668,2025-08-27 18:00:32,https://www.facebook.com/1115814590742637/posts/1088594283464668,2025-12-16,0,0,0,245,20291,0,0,0,57,1,0,1,0,0,2026-01-15 14:58:28
103640919705348_1087745360216227,2025-08-26 17:30:08,https://www.facebook.com/1115814590742637/posts/1087745360216227,2025-12-16,0,0,0,60,1400,0,0,0,23,0,0,1,0,0,2026-01-15 14:58:28
103640919705348_1085444810446282,2025-08-23 20:46:08,https://www.facebook.com/1115814590742637/posts/1085444810446282,2025-12-16,0,0,0,2146,17741,0,0,0,589,5,1,6,0,3,2026-01-15 14:58:28
103640919705348_1084481390542624,2025-08-22 17:00:14,https://www.facebook.com/1115814590742637/posts/1084481390542624,2025-12-16,0,0,0,230,2835,0,0,0,98,2,0,3,0,0,2026-01-15 14:58:28
103640919705348_1083868363937260,2025-08-21 22:15:04,https://www.facebook.com/1115814590742637/posts/1083868363937260,2025-12-16,0,0,0,109,1597,0,0,0,43,0,0,1,0,0,2026-01-15 14:58:28
103640919705348_1083796177277812,2025-08-21 20:30:01,https://www.facebook.com/1115814590742637/posts/1083796177277812,2025-12-16,0,0,0,487,5085,0,0,0,106,0,1,2,0,0,2026-01-15 14:58:28
103640919705348_1083689983955098,2025-08-21 17:30:04,https://www.facebook.com/1115814590742637/posts/1083689983955098,2025-12-16,0,0,0,5513,64523,0,0,0,1815,6,5,3,12,5,2026-01-15 14:58:28
103640919705348_1082843684039728,2025-08-20 15:30:03,https://www.facebook.com/1115814590742637/posts/1082843684039728,2025-12-16,0,0,0,184,2243,0,0,0,82,1,0,1,0,0,2026-01-15 14:58:28
103640919705348_1082752627382167,2025-08-20 12:32:02,https://www.facebook.com/1115814590742637/posts/1082752627382167,2025-12-16,0,0,0,285,4090,0,0,0,101,0,0,3,0,0,2026-01-15 14:58:28
103640919705348_1082671217390308,2025-08-20 10:06:11,https://www.facebook.com/1115814590742637/posts/1082671217390308,2025-12-16,0,0,0,29,726,0,0,0,18,0,0,1,0,0,2026-01-15 14:58:28
103640919705348_1266473118077558,2025-08-19 20:00:02,https://www.facebook.com/events/1266473118077558/,2025-12-16,0,0,0,17,676,0,0,0,0,0,0,0,0,0,2026-01-15 14:58:28
103640919705348_1082096174114479,2025-08-19 17:30:12,https://www.facebook.com/1115814590742637/posts/1082096174114479,2025-12-16,0,0,0,85,1760,0,0,0,35,1,0,1,0,0,2026-01-15 14:58:28
103640919705348_1080441484279948,2025-08-17 16:01:05,https://www.facebook.com/1115814590742637/posts/1080441484279948,2025-12-16,0,0,0,142,1744,0,0,0,60,0,1,5,0,0,2026-01-15 14:58:28
103640919705348_1079629411027822,2025-08-16 16:01:39,https://www.facebook.com/1115814590742637/posts/1079629411027822,2025-12-16,0,0,0,315,2693,0,0,0,85,0,0,3,0,1,2026-01-15 14:58:28
103640919705348_1078547991135964,2025-08-15 09:30:31,https://www.facebook.com/1115814590742637/posts/1078547991135964,2025-12-16,0,0,0,271,4957,0,0,0,88,1,1,3,0,0,2026-01-15 14:58:28
103640919705348_1077995631191200,2025-08-14 18:10:04,https://www.facebook.com/1115814590742637/posts/1077995631191200,2025-12-16,0,0,0,97,2354,0,0,0,62,0,0,0,0,0,2026-01-15 14:58:28
103640919705348_1077895697867860,2025-08-14 15:10:04,https://www.facebook.com/1115814590742637/posts/1077895697867860,2025-12-16,0,0,0,125,2057,0,0,0,29,0,0,3,0,0,2026-01-15 14:58:28
103640919705348_1077311114592985,2025-08-13 21:15:37,https://www.facebook.com/1115814590742637/posts/1077311114592985,2025-12-16,0,0,0,1381,18554,0,0,0,1255,8,0,0,3,0,2026-01-15 14:58:28
103640919705348_1077171084606988,2025-08-13 18:00:11,https://www.facebook.com/1115814590742637/posts/1077171084606988,2025-12-16,0,0,0,108,2099,0,0,0,76,0,0,3,0,0,2026-01-15 14:58:28
103640919705348_1123350969647506,2025-08-13 15:01:53,https://www.facebook.com/events/1123350969647506/,2025-12-16,0,0,0,18,650,0,0,0,0,0,0,0,0,0,2026-01-15 14:58:28
103640919705348_1076414771349286,2025-08-12 19:01:39,https://www.facebook.com/1115814590742637/posts/1076414771349286,2025-12-16,0,0,0,8770,56518,0,0,0,1507,21,4,731,1,6,2026-01-15 14:58:28
103640919705348_1076359844688112,2025-08-12 17:30:01,https://www.facebook.com/1115814590742637/posts/1076359844688112,2025-12-16,0,0,0,172,4259,0,0,0,84,0,0,1,0,0,2026-01-15 14:58:28
103640919705348_1073960894928007,2025-08-09 18:30:02,https://www.facebook.com/1115814590742637/posts/1073960894928007,2025-12-16,0,0,0,30,2310,0,0,0,34,6,0,0,0,0,2026-01-15 14:58:28
103640919705348_1072284175095679,2025-08-07 17:30:04,https://www.facebook.com/1115814590742637/posts/1072284175095679,2025-12-16,0,0,0,64,2538,0,0,0,28,0,0,1,0,0,2026-01-15 14:58:28
103640919705348_1712655996281841,2025-08-07 13:34:46,https://www.facebook.com/1115814590742637/posts/1712655996281841?substory_index=1712655996281841,2025-12-16,0,0,0,34,797,0,0,0,0,0,0,0,0,0,2026-01-15 14:58:28
103640919705348_1071523838505046,2025-08-06 18:30:03,https://www.facebook.com/1115814590742637/posts/1071523838505046,2025-12-16,0,0,0,145,55405,0,0,0,41,0,0,0,0,0,2026-01-15 14:58:28
103640919705348_1071411155182981,2025-08-06 15:08:50,https://www.facebook.com/1115814590742637/posts/1071411155182981,2025-12-16,0,0,0,132,3961,0,0,0,44,0,0,0,0,0,2026-01-15 14:58:28
103640919705348_730827542914995,2025-08-01 16:36:08,https://www.facebook.com/events/730827542914995/,2025-12-16,0,0,0,21,823,0,0,0,0,0,0,0,0,0,2026-01-15 14:58:28
103640919705348_1067211618936268,2025-08-01 12:32:47,https://www.facebook.com/1115814590742637/posts/1067211618936268,2025-12-16,0,0,0,485,3386,0,0,0,80,1,0,2,0,0,2026-01-15 14:58:28
103640919705348_1064189092571854,2025-07-28 17:30:07,https://www.facebook.com/1115814590742637/posts/1064189092571854,2025-12-16,0,0,0,68,2612,0,0,0,34,0,0,2,0,0,2026-01-15 14:58:28
103640919705348_1061701299487300,2025-07-25 12:05:04,https://www.facebook.com/1115814590742637/posts/1061701299487300,2025-12-16,0,0,0,140,2304,0,0,0,73,4,0,3,0,1,2026-01-15 14:58:28
103640919705348_1061111459546284,2025-07-24 18:30:03,https://www.facebook.com/1115814590742637/posts/1061111459546284,2025-12-16,0,0,0,315,12654,0,0,0,76,0,0,0,0,0,2026-01-15 14:58:28
103640919705348_1061016356222461,2025-07-24 15:30:03,https://www.facebook.com/1115814590742637/posts/1061016356222461,2025-12-16,0,0,0,497,7167,0,0,0,254,1,3,28,1,23,2026-01-15 14:58:28
103640919705348_779211051197666,2025-07-23 17:30:24,https://www.facebook.com/events/779211051197666/,2025-12-16,0,0,0,24,617,0,0,0,0,0,0,0,0,0,2026-01-15 14:58:28
103640919705348_1060210352969728,2025-07-23 13:55:02,https://www.facebook.com/1115814590742637/posts/1060210352969728,2025-12-16,0,0,0,50,2167,0,0,0,55,0,0,0,0,0,2026-01-15 14:58:28
103640919705348_1059604763030287,2025-07-22 18:36:04,https://www.facebook.com/1115814590742637/posts/1059604763030287,2025-12-16,0,0,0,39,1384,0,0,0,30,1,0,0,0,0,2026-01-15 14:58:28
103640919705348_1058806239776806,2025-07-21 17:40:02,https://www.facebook.com/1115814590742637/posts/1058806239776806,2025-12-16,0,0,0,62,2563,0,0,0,33,0,0,0,0,0,2026-01-15 14:58:28
103640919705348_1057283699929060,2025-07-19 16:30:03,https://www.facebook.com/1115814590742637/posts/1057283699929060,2025-12-16,0,0,0,57,1301,0,0,0,26,0,0,0,0,0,2026-01-15 14:58:28
103640919705348_1056501150007315,2025-07-18 15:30:07,https://www.facebook.com/1115814590742637/posts/1056501150007315,2025-12-16,0,0,0,83,1545,0,0,0,32,0,0,1,0,0,2026-01-15 14:58:28
103640919705348_1055122983478465,2025-07-16 17:30:02,https://www.facebook.com/1115814590742637/posts/1055122983478465,2025-12-16,0,0,0,54,1772,0,0,0,38,1,0,0,0,0,2026-01-15 14:58:28
103640919705348_1054387103552053,2025-07-15 18:00:07,https://www.facebook.com/1115814590742637/posts/1054387103552053,2025-12-16,0,0,0,103,1730,0,0,0,35,0,0,0,0,0,2026-01-15 14:58:28
103640919705348_1054303536893743,2025-07-15 15:30:03,https://www.facebook.com/1115814590742637/posts/1054303536893743,2025-12-16,0,0,0,72,1266,0,0,0,40,0,0,1,0,0,2026-01-15 14:58:28
103640919705348_1052003623790401,2025-07-12 15:30:06,https://www.facebook.com/1115814590742637/posts/1052003623790401,2025-12-16,0,0,0,25,896,0,0,0,9,0,0,0,0,0,2026-01-15 14:58:28
103640919705348_1050607690596661,2025-07-10 18:05:12,https://www.facebook.com/1115814590742637/posts/1050607690596661,2025-12-16,0,0,0,54,1885,0,0,0,30,0,0,0,0,0,2026-01-15 14:58:28
103640919705348_1049861447337952,2025-07-09 17:34:08,https://www.facebook.com/1115814590742637/posts/1049861447337952,2025-12-16,0,0,0,203,2090,0,0,0,49,2,0,0,0,0,2026-01-15 14:58:28
103640919705348_1049646100692820,2025-07-09 10:19:35,https://www.facebook.com/1115814590742637/videos/1239278807678565,2025-12-16,0,0,0,32,1923,0,0,0,0,0,0,0,0,0,2026-01-15 14:58:28
103640919705348_1049178747406222,2025-07-08 19:00:14,https://www.facebook.com/1115814590742637/posts/1049178747406222,2025-12-16,0,0,0,51,2237,0,0,0,57,0,0,0,0,0,2026-01-15 14:58:28
103640919705348_656537630733748,2025-07-08 17:00:31,https://www.facebook.com/events/656537630733748/,2025-12-16,0,0,0,15,660,0,0,0,0,0,0,0,0,0,2026-01-15 14:58:28
103640919705348_1049071930750237,2025-07-08 15:30:03,https://www.facebook.com/1115814590742637/posts/1049071930750237,2025-12-16,0,0,0,1148,38148,0,0,0,125,2,0,2,0,2,2026-01-15 14:58:28
103640919705348_1048372330820197,2025-07-07 17:40:04,https://www.facebook.com/1115814590742637/posts/1048372330820197,2025-12-16,0,0,0,25,1173,0,0,0,19,0,0,0,0,0,2026-01-15 14:58:28
103640919705348_1365466004548152,2025-07-07 16:38:00,https://www.facebook.com/events/1365466004548152/,2025-12-16,0,0,0,27,556,0,0,0,0,0,0,0,0,0,2026-01-15 14:58:28
103640919705348_1046048367719260,2025-07-04 18:27:10,https://www.facebook.com/1115814590742637/posts/1046048367719260,2025-12-16,0,0,0,1790,16168,0,0,0,118,0,1,20,0,11,2026-01-15 14:58:28
103640919705348_1044499897874107,2025-07-02 17:40:03,https://www.facebook.com/1115814590742637/posts/1044499897874107,2025-12-16,0,0,0,1017,7302,0,0,0,66,0,1,6,0,13,2026-01-15 14:58:28
103640919705348_1043004884690275,2025-06-30 17:30:07,https://www.facebook.com/1115814590742637/posts/1043004884690275,2025-12-16,0,0,0,702,4588,0,0,0,50,0,0,9,0,11,2026-01-15 14:58:28
103640919705348_1040571028266994,2025-06-27 13:31:02,https://www.facebook.com/1115814590742637/posts/1040571028266994,2025-12-16,0,0,0,100,2414,0,0,0,58,2,1,1,0,1,2026-01-15 14:58:28
103640919705348_1039905641666866,2025-06-26 18:00:11,https://www.facebook.com/1115814590742637/posts/1039905641666866,2025-12-16,0,0,0,86,4112,0,0,0,40,1,0,0,0,0,2026-01-15 14:58:28
103640919705348_1037596958564401,2025-06-23 18:20:02,https://www.facebook.com/1115814590742637/posts/1037596958564401,2025-12-16,0,0,0,192,6981,0,0,0,74,1,0,0,0,0,2026-01-15 14:58:28
103640919705348_1035351315455632,2025-06-20 18:01:57,https://www.facebook.com/1115814590742637/posts/1035351315455632,2025-12-16,0,0,0,70,2424,0,0,0,37,0,0,0,0,0,2026-01-15 14:58:28
103640919705348_1033873525603411,2025-06-18 18:30:02,https://www.facebook.com/1115814590742637/posts/1033873525603411,2025-12-16,0,0,0,39,1053,0,0,0,23,0,0,0,0,0,2026-01-15 14:58:28
103640919705348_1029668959357201,2025-06-13 14:00:09,https://www.facebook.com/1115814590742637/posts/1029668959357201,2025-12-16,0,0,0,2054,13155,0,0,0,191,5,1,30,0,0,2026-01-15 14:58:28
103640919705348_1028296989494398,2025-06-11 18:10:02,https://www.facebook.com/1115814590742637/posts/1028296989494398,2025-12-16,0,0,0,24,998,0,0,0,17,0,0,0,0,0,2026-01-15 14:58:28
103640919705348_1024625839861513,2025-06-06 18:00:33,https://www.facebook.com/1115814590742637/posts/1024625839861513,2025-12-16,0,0,0,20,1450,0,0,0,27,1,0,0,0,0,2026-01-15 14:58:28
103640919705348_1021663260157771,2025-06-02 18:20:03,https://www.facebook.com/1115814590742637/posts/1021663260157771,2025-12-16,0,0,0,99,1595,0,0,0,31,5,0,0,0,0,2026-01-15 14:58:28
103640919705348_1019436633713767,2025-05-30 18:30:03,https://www.facebook.com/1115814590742637/posts/1019436633713767,2025-12-16,0,0,0,10,1388,0,0,0,24,1,0,0,2,0,2026-01-15 14:58:28
103640919705348_1018683127122451,2025-05-29 18:30:08,https://www.facebook.com/1115814590742637/posts/1018683127122451,2025-12-16,0,0,0,145,2328,0,0,0,45,1,0,0,0,0,2026-01-15 14:58:28
103640919705348_1017199143937516,2025-05-27 18:30:02,https://www.facebook.com/1115814590742637/posts/1017199143937516,2025-12-16,0,0,0,229,3094,0,0,0,54,1,0,0,0,0,2026-01-15 14:58:28
103640919705348_1364026408200422,2025-05-26 16:55:31,https://www.facebook.com/events/1364026408200422/,2025-12-16,0,0,0,29,600,0,0,0,0,0,0,0,0,0,2026-01-15 14:58:28
103640919705348_1013556827635081,2025-05-22 18:00:49,https://www.facebook.com/1115814590742637/posts/1013556827635081,2025-12-16,0,0,0,286,3274,0,0,0,69,0,0,0,0,0,2026-01-15 14:58:28
103640919705348_1011379271186170,2025-05-19 18:00:41,https://www.facebook.com/1115814590742637/posts/1011379271186170,2025-12-16,0,0,0,52,1480,0,0,0,33,9,0,0,0,0,2026-01-15 14:58:28
103640919705348_1009880031336094,2025-05-17 15:29:07,https://www.facebook.com/1115814590742637/posts/1009880031336094,2025-12-16,0,0,0,381,8699,0,0,0,206,3,0,2,0,2,2026-01-15 14:58:28
103640919705348_1009170378073726,2025-05-16 14:09:32,https://www.facebook.com/1115814590742637/posts/1009170378073726,2025-12-16,0,0,0,140,4806,0,0,0,41,1,0,0,0,1,2026-01-15 14:58:28
103640919705348_1008607594796671,2025-05-15 18:00:14,https://www.facebook.com/1115814590742637/posts/1008607594796671,2025-12-16,0,0,0,32,2354,0,0,0,12,1,0,0,0,0,2026-01-15 14:58:28
103640919705348_1007956798195084,2025-05-14 18:17:11,https://www.facebook.com/1115814590742637/posts/1007956798195084,2025-12-16,0,0,0,69,3893,0,0,0,13,2,0,0,0,0,2026-01-15 14:58:28
103640919705348_1007305914926839,2025-05-13 18:25:01,https://www.facebook.com/1115814590742637/posts/1007305914926839,2025-12-16,0,0,0,395,6112,0,0,0,123,0,0,3,1,14,2026-01-15 14:58:28
103640919705348_1007183431605754,2025-05-13 13:32:34,https://www.facebook.com/1115814590742637/posts/1007183431605754,2025-12-16,0,0,0,193,6671,0,0,0,48,3,0,0,0,1,2026-01-15 14:58:28
103640919705348_1006587008332063,2025-05-12 16:00:08,https://www.facebook.com/1115814590742637/posts/1006587008332063,2025-12-16,0,0,0,93,3795,0,0,0,42,1,0,0,0,0,2026-01-15 14:58:28
103640919705348_1006499581674139,2025-05-12 12:31:21,https://www.facebook.com/1115814590742637/posts/1006499581674139,2025-12-16,0,0,0,188,2715,0,0,0,68,1,0,2,0,1,2026-01-15 14:58:28
103640919705348_1005884461735651,2025-05-11 15:06:09,https://www.facebook.com/1115814590742637/posts/1005884461735651,2025-12-16,0,0,0,141,6375,0,0,0,38,1,0,0,0,0,2026-01-15 14:58:28
103640919705348_1004424321881665,2025-05-09 11:10:16,https://www.facebook.com/1115814590742637/posts/1004424321881665,2025-12-16,0,0,0,1838,24553,0,0,0,285,1,1,33,2,23,2026-01-15 14:58:28
103640919705348_1004047101919387,2025-05-08 21:00:03,https://www.facebook.com/1115814590742637/posts/1004047101919387,2025-12-16,0,0,0,39,1820,0,0,0,18,1,0,1,0,1,2026-01-15 14:58:28
103640919705348_1003928685264562,2025-05-08 16:54:51,https://www.facebook.com/1115814590742637/posts/1003928685264562,2025-12-16,0,0,0,746,4514,0,0,0,72,0,1,14,0,9,2026-01-15 14:58:28
103640919705348_1003287185328712,2025-05-07 17:30:09,https://www.facebook.com/1115814590742637/posts/1003287185328712,2025-12-16,0,0,0,168,7186,0,0,0,39,4,1,0,0,0,2026-01-15 14:58:28
103640919705348_1002579615399469,2025-05-06 17:30:04,https://www.facebook.com/1115814590742637/posts/1002579615399469,2025-12-16,0,0,0,392,7601,0,0,0,48,0,0,0,0,0,2026-01-15 14:58:28
103640919705348_1001961582127939,2025-05-05 21:00:12,https://www.facebook.com/1115814590742637/posts/1001961582127939,2025-12-16,0,0,0,107,2819,0,0,0,43,0,0,2,0,0,2026-01-15 14:58:28
103640919705348_1001858605471570,2025-05-05 17:59:06,https://www.facebook.com/1115814590742637/posts/1001858605471570,2025-12-16,0,0,0,372,6243,0,0,0,114,2,0,0,0,0,2026-01-15 14:58:28
103640919705348_1000520205605410,2025-05-03 21:34:32,https://www.facebook.com/1115814590742637/posts/1000520205605410,2025-12-16,0,0,0,72,1691,0,0,0,22,0,0,0,0,0,2026-01-15 14:58:28
103640919705348_1000156678975096,2025-05-03 09:44:13,https://www.facebook.com/1115814590742637/posts/1000156678975096,2025-12-16,0,0,0,25,1031,0,0,0,19,0,0,0,0,0,2026-01-15 14:58:28
103640919705348_999744559016308,2025-05-02 20:24:12,https://www.facebook.com/1115814590742637/posts/999744559016308,2025-12-16,0,0,0,15,1173,0,0,0,19,0,0,0,0,0,2026-01-15 14:58:28
103640919705348_999605212363576,2025-05-02 16:01:09,https://www.facebook.com/1115814590742637/posts/999605212363576,2025-12-16,0,0,0,54,1414,0,0,0,18,1,0,0,0,0,2026-01-15 14:58:28
103640919705348_998943939096370,2025-05-01 18:50:33,https://www.facebook.com/1115814590742637/posts/998943939096370,2025-12-16,0,0,0,40,1543,0,0,0,22,0,0,0,0,0,2026-01-15 14:58:28
103640919705348_998689409121823,2025-05-01 10:26:22,https://www.facebook.com/1115814590742637/posts/998689409121823,2025-12-16,0,0,0,711,13309,0,0,0,219,13,0,0,0,0,2026-01-15 14:58:28
103640919705348_998184885838942,2025-04-30 18:30:04,https://www.facebook.com/1115814590742637/posts/998184885838942,2025-12-16,0,0,0,42,1275,0,0,0,26,0,0,0,0,0,2026-01-15 14:58:28
103640919705348_997432835914147,2025-04-29 18:00:10,https://www.facebook.com/1115814590742637/posts/997432835914147,2025-12-16,0,0,0,326,6878,0,0,0,81,5,0,0,0,1,2026-01-15 14:58:28
103640919705348_996100472714050,2025-04-27 22:08:05,https://www.facebook.com/1115814590742637/posts/996100472714050,2025-12-16,0,0,0,275,2892,0,0,0,57,2,1,0,0,0,2026-01-15 14:58:28
103640919705348_995725756084855,2025-04-27 10:29:28,https://www.facebook.com/1115814590742637/posts/995725756084855,2025-12-16,0,0,0,73,2392,0,0,0,36,0,0,0,0,0,2026-01-15 14:58:28
103640919705348_995351726122258,2025-04-26 22:16:06,https://www.facebook.com/1115814590742637/posts/995351726122258,2025-12-16,0,0,0,193,3269,0,0,0,63,4,0,0,0,0,2026-01-15 14:58:28
103640919705348_995009299489834,2025-04-26 11:26:07,https://www.facebook.com/1115814590742637/posts/995009299489834,2025-12-16,0,0,0,75,1134,0,0,0,20,0,0,0,0,0,2026-01-15 14:58:28
103640919705348_994653652858732,2025-04-25 23:28:42,https://www.facebook.com/1115814590742637/posts/994653652858732,2025-12-16,0,0,0,296,6950,0,0,0,64,1,0,0,0,0,2026-01-15 14:58:28
103640919705348_994377949552969,2025-04-25 15:20:24,https://www.facebook.com/1115814590742637/posts/994377949552969,2025-12-16,0,0,0,42,1646,0,0,0,22,2,0,0,0,0,2026-01-15 14:58:28
103640919705348_993649166292514,2025-04-24 16:00:09,https://www.facebook.com/1115814590742637/posts/993649166292514,2025-12-16,0,0,0,87,1985,0,0,0,23,4,0,0,0,0,2026-01-15 14:58:28
103640919705348_992943969696367,2025-04-23 18:04:07,https://www.facebook.com/1115814590742637/videos/689420793458100,2025-12-16,0,0,0,29,2839,0,0,0,0,0,0,0,0,0,2026-01-15 14:58:28
103640919705348_992190873105010,2025-04-22 17:58:49,https://www.facebook.com/1115814590742637/posts/992190873105010,2025-12-16,0,0,0,46,1318,0,0,0,22,0,1,0,0,1,2026-01-15 14:58:28
103640919705348_991438726513558,2025-04-21 17:54:00,https://www.facebook.com/1115814590742637/posts/991438726513558,2025-12-16,0,0,0,970,14351,0,0,0,153,3,0,0,0,1,2026-01-15 14:58:28
103640919705348_991283089862455,2025-04-21 12:37:00,https://www.facebook.com/1115814590742637/posts/991283089862455,2025-12-16,0,0,0,80,2190,0,0,0,32,0,2,0,0,0,2026-01-15 14:58:28
103640919705348_990448053279292,2025-04-20 10:01:14,https://www.facebook.com/1115814590742637/videos/663531042972454,2025-12-16,0,0,0,23,1277,0,0,0,0,0,0,0,0,0,2026-01-15 14:58:28
103640919705348_989706996686731,2025-04-19 10:00:36,https://www.facebook.com/1115814590742637/posts/989706996686731,2025-12-16,0,0,0,55,1450,0,0,0,14,1,0,1,0,0,2026-01-15 14:58:28
103640919705348_989092733414824,2025-04-18 14:00:20,https://www.facebook.com/1115814590742637/posts/989092733414824,2025-12-16,0,0,0,188,1833,0,0,0,24,4,0,0,0,0,2026-01-15 14:58:28
103640919705348_988955163428581,2025-04-18 09:30:04,https://www.facebook.com/1115814590742637/posts/988955163428581,2025-12-16,0,0,0,137,3672,0,0,0,59,2,0,0,0,0,2026-01-15 14:58:28
103640919705348_987578980232866,2025-04-16 13:35:55,https://www.facebook.com/1115814590742637/videos/1157094952833038,2025-12-16,0,0,0,22,1890,0,0,0,0,0,0,0,0,0,2026-01-15 14:58:28
103640919705348_987058363618261,2025-04-15 21:00:06,https://www.facebook.com/1115814590742637/posts/987058363618261,2025-12-16,0,0,0,27,1595,0,0,0,24,0,0,0,0,0,2026-01-15 14:58:28
103640919705348_986939143630183,2025-04-15 17:29:45,https://www.facebook.com/1115814590742637/videos/940850434624387,2025-12-16,0,0,0,17,2093,0,0,0,0,0,0,0,0,0,2026-01-15 14:58:28
103640919705348_986180220372742,2025-04-14 17:57:10,https://www.facebook.com/1115814590742637/posts/986180220372742,2025-12-16,0,0,0,162,2110,0,0,0,30,1,0,0,0,0,2026-01-15 14:58:28
103640919705348_984377827219648,2025-04-12 10:00:47,https://www.facebook.com/1115814590742637/videos/1740923700160797,2025-12-16,0,0,0,28,1543,0,0,0,0,0,0,0,0,0,2026-01-15 14:58:28
103640919705348_983637847293646,2025-04-11 11:04:11,https://www.facebook.com/1115814590742637/posts/983637847293646,2025-12-16,0,0,0,43,1102,0,0,0,25,1,1,0,0,0,2026-01-15 14:58:28
103640919705348_983191377338293,2025-04-10 21:01:11,https://www.facebook.com/1115814590742637/posts/983191377338293,2025-12-16,0,0,0,254,4704,0,0,0,87,5,0,0,0,1,2026-01-15 14:58:28
103640919705348_983128490677915,2025-04-10 19:20:58,https://www.facebook.com/1115814590742637/videos/10045379062148568,2025-12-16,0,0,0,128,3289,0,0,0,0,0,0,0,0,0,2026-01-15 14:58:28
103640919705348_1346086456722618,2025-04-10 12:31:49,https://www.facebook.com/events/1346086456722618/,2025-12-16,0,0,0,11,538,0,0,0,0,0,0,0,0,0,2026-01-15 14:58:28
103640919705348_982311137426317,2025-04-09 17:54:13,https://www.facebook.com/1115814590742637/posts/982311137426317,2025-12-16,0,0,0,29,1299,0,0,0,18,1,0,0,0,0,2026-01-15 14:58:28
103640919705348_981449580845806,2025-04-08 14:40:09,https://www.facebook.com/1115814590742637/videos/659382186738508,2025-12-16,0,0,0,36,1420,0,0,0,0,0,0,0,0,0,2026-01-15 14:58:28
103640919705348_980790347578396,2025-04-07 18:21:23,https://www.facebook.com/1115814590742637/posts/980790347578396,2025-12-16,0,0,0,295,8245,0,0,0,145,7,0,0,0,0,2026-01-15 14:58:28
103640919705348_977394514584646,2025-04-03 11:41:39,https://www.facebook.com/1115814590742637/posts/977394514584646,2025-12-16,0,0,0,28,1331,0,0,0,19,3,0,0,0,0,2026-01-15 14:58:28
103640919705348_976735364650561,2025-04-02 17:52:05,https://www.facebook.com/1115814590742637/posts/976735364650561,2025-12-16,0,0,0,199,5309,0,0,0,70,1,0,0,1,0,2026-01-15 14:58:28
103640919705348_976590611331703,2025-04-02 13:30:21,https://www.facebook.com/1115814590742637/posts/976590611331703,2025-12-16,0,0,0,12,1076,0,0,0,22,1,0,0,0,0,2026-01-15 14:58:28
103640919705348_975929488064482,2025-04-01 17:55:53,https://www.facebook.com/1115814590742637/posts/975929488064482,2025-12-16,0,0,0,84,1964,0,0,0,29,1,0,0,0,0,2026-01-15 14:58:28
103640919705348_975125134811584,2025-03-31 18:00:12,https://www.facebook.com/1115814590742637/posts/975125134811584,2025-12-16,0,0,0,130,5689,0,0,0,38,2,1,0,1,0,2026-01-15 14:58:28
103640919705348_974959011494863,2025-03-31 12:59:40,https://www.facebook.com/1115814590742637/posts/974959011494863,2025-12-16,0,0,0,363,8060,0,0,0,94,0,4,2,1,13,2026-01-15 14:58:28
103640919705348_973624888294942,2025-03-29 20:12:44,https://www.facebook.com/1115814590742637/videos/1387438832392041,2025-12-16,0,0,0,6,621,0,0,0,0,0,0,0,0,0,2026-01-15 14:58:28
103640919705348_972749385049159,2025-03-28 16:00:15,https://www.facebook.com/1115814590742637/posts/972749385049159,2025-12-16,0,0,0,39,2563,0,0,0,25,1,0,0,0,0,2026-01-15 14:58:28
103640919705348_972572488400182,2025-03-28 09:53:20,https://www.facebook.com/1115814590742637/videos/1051286773686578,2025-12-16,0,0,0,42,1314,0,0,0,0,0,0,0,0,0,2026-01-15 14:58:28
103640919705348_971893971801367,2025-03-27 11:40:41,https://www.facebook.com/1115814590742637/posts/971893971801367,2025-12-16,0,0,0,104,2518,0,0,0,44,0,0,1,0,0,2026-01-15 14:58:28
103640919705348_971354018522029,2025-03-26 18:00:05,https://www.facebook.com/1115814590742637/posts/971354018522029,2025-12-16,0,0,0,71,1941,0,0,0,15,0,0,0,0,0,2026-01-15 14:58:28
103640919705348_970654555258642,2025-03-25 18:00:05,https://www.facebook.com/1115814590742637/posts/970654555258642,2025-12-16,0,0,0,242,2525,0,0,0,59,1,0,0,0,0,2026-01-15 14:58:28
103640919705348_970007475323350,2025-03-24 20:31:18,https://www.facebook.com/1115814590742637/videos/693112633276100,2025-12-16,0,0,0,36,1309,0,0,0,0,0,0,0,0,0,2026-01-15 14:58:28
103640919705348_969860622004702,2025-03-24 15:35:49,https://www.facebook.com/1115814590742637/posts/969860622004702,2025-12-16,0,0,0,316,7705,0,0,0,109,0,1,1,0,0,2026-01-15 14:58:28
103640919705348_968217792168985,2025-03-22 10:05:33,https://www.facebook.com/1115814590742637/posts/968217792168985,2025-12-16,0,0,0,56,1639,0,0,0,25,1,0,0,0,0,2026-01-15 14:58:28
103640919705348_966964928960938,2025-03-20 18:24:53,https://www.facebook.com/1115814590742637/posts/966964928960938,2025-12-16,0,0,0,273,5959,0,0,0,61,0,0,0,0,0,2026-01-15 14:58:28
103640919705348_966312639026167,2025-03-19 21:00:09,https://www.facebook.com/1115814590742637/posts/966312639026167,2025-12-16,0,0,0,64,2149,0,0,0,43,0,0,1,0,0,2026-01-15 14:58:28
103640919705348_966182915705806,2025-03-19 16:49:02,https://www.facebook.com/1115814590742637/posts/966182915705806,2025-12-16,0,0,0,109,2619,0,0,0,33,2,0,0,0,0,2026-01-15 14:58:28
103640919705348_965497892440975,2025-03-18 18:00:24,https://www.facebook.com/1115814590742637/posts/965497892440975,2025-12-16,0,0,0,52,1297,0,0,0,16,0,0,0,0,0,2026-01-15 14:58:28
103640919705348_965271525796945,2025-03-18 10:00:18,https://www.facebook.com/1115814590742637/posts/965271525796945,2025-12-16,0,0,0,46,1066,0,0,0,17,1,0,0,0,0,2026-01-15 14:58:28
103640919705348_964744262516338,2025-03-17 17:00:52,https://www.facebook.com/1115814590742637/posts/964744262516338,2025-12-16,0,0,0,47,1850,0,0,0,36,0,0,0,0,0,2026-01-15 14:58:28
103640919705348_962528439404587,2025-03-14 16:00:34,https://www.facebook.com/1115814590742637/posts/962528439404587,2025-12-16,0,0,0,203,4408,0,0,0,43,10,0,0,0,0,2026-01-15 14:58:28
103640919705348_962343572756407,2025-03-14 09:50:45,https://www.facebook.com/1115814590742637/posts/962343572756407,2025-12-16,0,0,0,28,2204,0,0,0,21,0,0,0,0,0,2026-01-15 14:58:28
103640919705348_961884739468957,2025-03-13 19:00:09,https://www.facebook.com/1115814590742637/posts/961884739468957,2025-12-16,0,0,0,5,910,0,0,0,11,0,0,0,0,0,2026-01-15 14:58:28
103640919705348_1187619023372878,2025-03-13 15:12:37,https://www.facebook.com/1115814590742637/posts/1187619023372878?substory_index=1187619023372878,2025-12-16,0,0,0,24,664,0,0,0,0,0,0,0,0,0,2026-01-15 14:58:28
103640919705348_960974679559963,2025-03-12 12:00:07,https://www.facebook.com/1115814590742637/posts/960974679559963,2025-12-16,0,0,0,689,9909,0,0,0,83,8,0,0,0,0,2026-01-15 14:58:28
103640919705348_960441646279933,2025-03-11 18:00:04,https://www.facebook.com/1115814590742637/posts/960441646279933,2025-12-16,0,0,0,71,1917,0,0,0,40,0,0,1,0,0,2026-01-15 14:58:28
103640919705348_960198419637589,2025-03-11 09:27:23,https://www.facebook.com/1115814590742637/posts/960198419637589,2025-12-16,0,0,0,20,861,0,0,0,9,0,0,0,0,0,2026-01-15 14:58:28
103640919705348_957404303250334,2025-03-07 12:20:23,https://www.facebook.com/1115814590742637/posts/957404303250334,2025-12-16,0,0,0,34,1468,0,0,0,25,0,0,0,0,0,2026-01-15 14:58:28
103640919705348_956957283295036,2025-03-06 21:02:08,https://www.facebook.com/1115814590742637/posts/956957283295036,2025-12-16,0,0,0,150,3365,0,0,0,38,0,0,0,0,0,2026-01-15 14:58:28
103640919705348_956848246639273,2025-03-06 17:32:05,https://www.facebook.com/1115814590742637/posts/956848246639273,2025-12-16,0,0,0,204,5552,0,0,0,65,0,11,2,7,1,2026-01-15 14:58:28
103640919705348_956132243377540,2025-03-05 18:00:03,https://www.facebook.com/1115814590742637/posts/956132243377540,2025-12-16,0,0,0,2382,22858,0,0,0,170,2,2,32,0,10,2026-01-15 14:58:28
103640919705348_955424573448307,2025-03-04 18:04:03,https://www.facebook.com/1115814590742637/posts/955424573448307,2025-12-16,0,0,0,35,1178,0,0,0,26,0,0,0,0,0,2026-01-15 14:58:28
103640919705348_951171733873591,2025-02-26 18:22:21,https://www.facebook.com/1115814590742637/posts/951171733873591,2025-12-16,0,0,0,102,2199,0,0,0,35,4,0,0,0,0,2026-01-15 14:58:28
103640919705348_950952493895515,2025-02-26 10:56:42,https://www.facebook.com/1115814590742637/posts/950952493895515,2025-12-16,0,0,0,31,1105,0,0,0,15,0,0,1,0,1,2026-01-15 14:58:28
103640919705348_950488917275206,2025-02-25 20:00:13,https://www.facebook.com/1115814590742637/posts/950488917275206,2025-12-16,0,0,0,15,948,0,0,0,17,0,0,0,0,0,2026-01-15 14:58:28
103640919705348_946915650965866,2025-02-20 18:01:41,https://www.facebook.com/1115814590742637/posts/946915650965866,2025-12-16,0,0,0,707,12236,0,0,0,130,0,0,0,0,0,2026-01-15 14:58:28
103640919705348_946734100984021,2025-02-20 11:10:08,https://www.facebook.com/1115814590742637/posts/946734100984021,2025-12-16,0,0,0,9,1159,0,0,0,22,0,0,0,0,0,2026-01-15 14:58:28
103640919705348_946178781039553,2025-02-19 18:05:16,https://www.facebook.com/1115814590742637/posts/946178781039553,2025-12-16,0,0,0,61,2104,0,0,0,25,0,0,0,0,1,2026-01-15 14:58:28
103640919705348_945322987791799,2025-02-18 17:57:19,https://www.facebook.com/1115814590742637/posts/945322987791799,2025-12-16,0,0,0,50,1470,0,0,0,32,0,0,0,0,0,2026-01-15 14:58:28
103640919705348_643172824723006,2025-02-18 17:55:52,https://www.facebook.com/events/643172824723006/,2025-12-16,0,0,0,13,520,0,0,0,0,0,0,0,0,0,2026-01-15 14:58:28
103640919705348_944426681214763,2025-02-17 10:48:35,https://www.facebook.com/1115814590742637/posts/944426681214763,2025-12-16,0,0,0,80,1695,0,0,0,20,0,0,0,0,1,2026-01-15 14:58:28
103640919705348_942413974749367,2025-02-14 18:10:23,https://www.facebook.com/1115814590742637/posts/942413974749367,2025-12-16,0,0,0,45,1430,0,0,0,18,0,0,0,0,0,2026-01-15 14:58:28
103640919705348_2028033421003516,2025-02-14 13:52:35,https://www.facebook.com/1115814590742637/posts/2028033421003516?substory_index=2028033421003516,2025-12-16,0,0,0,15,608,0,0,0,0,0,0,0,0,0,2026-01-15 14:58:28
103640919705348_941689661488465,2025-02-13 18:00:09,https://www.facebook.com/1115814590742637/posts/941689661488465,2025-12-16,0,0,0,261,14260,0,0,0,44,2,0,0,0,0,2026-01-15 14:58:28
103640919705348_941014908222607,2025-02-12 18:00:10,https://www.facebook.com/1115814590742637/posts/941014908222607,2025-12-16,0,0,0,18,1098,0,0,0,20,0,0,0,0,0,2026-01-15 14:58:28
103640919705348_939645598359538,2025-02-10 17:53:42,https://www.facebook.com/1115814590742637/posts/939645598359538,2025-12-16,0,0,0,144,2418,0,0,0,40,2,0,0,0,0,2026-01-15 14:58:28
103640919705348_938193111838120,2025-02-08 18:00:00,https://www.facebook.com/1115814590742637/posts/938193111838120,2025-12-16,0,0,0,3,929,0,0,0,12,0,0,0,0,0,2026-01-15 14:58:28
103640919705348_937359878588110,2025-02-07 12:48:18,https://www.facebook.com/1115814590742637/posts/937359878588110,2025-12-16,0,0,0,17,1380,0,0,0,17,0,0,0,0,0,2026-01-15 14:58:28
103640919705348_936846755306089,2025-02-06 18:00:08,https://www.facebook.com/1115814590742637/posts/936846755306089,2025-12-16,0,0,0,60,1704,0,0,0,23,0,0,0,0,0,2026-01-15 14:58:28
103640919705348_936156032041828,2025-02-05 18:00:08,https://www.facebook.com/1115814590742637/posts/936156032041828,2025-12-16,0,0,0,106,2411,0,0,0,34,2,0,0,0,0,2026-01-15 14:58:28
103640919705348_934877438836354,2025-02-03 19:39:48,https://www.facebook.com/1115814590742637/posts/934877438836354,2025-12-16,0,0,0,19,1503,0,0,0,28,0,0,0,0,0,2026-01-15 14:58:28
103640919705348_934181405572624,2025-02-02 20:00:05,https://www.facebook.com/1115814590742637/posts/934181405572624,2025-12-16,0,0,0,85,2591,0,0,0,66,2,0,0,0,0,2026-01-15 14:58:28
103640919705348_929701289353969,2025-01-27 10:03:45,https://www.facebook.com/1115814590742637/posts/929701289353969,2025-12-16,0,0,0,63,1615,0,0,0,23,1,0,0,0,0,2026-01-15 14:58:28
103640919705348_927779142879517,2025-01-24 16:00:05,https://www.facebook.com/1115814590742637/posts/927779142879517,2025-12-16,0,0,0,46,1121,0,0,0,20,0,0,0,0,0,2026-01-15 14:58:28
103640919705348_927696499554448,2025-01-24 12:44:38,https://www.facebook.com/1115814590742637/posts/927696499554448,2025-12-16,0,0,0,45,1643,0,0,0,30,0,0,0,0,0,2026-01-15 14:58:28
103640919705348_1303091760937563,2025-01-23 18:31:21,https://www.facebook.com/events/1303091760937563/,2025-12-16,0,0,0,7,560,0,0,0,0,0,0,0,0,0,2026-01-15 14:58:28
103640919705348_927150112942420,2025-01-23 18:05:05,https://www.facebook.com/1115814590742637/posts/927150112942420,2025-12-16,0,0,0,208,3350,0,0,0,31,0,0,0,0,0,2026-01-15 14:58:28
103640919705348_602089069111326,2025-01-22 18:39:41,https://www.facebook.com/1115814590742637/posts/602089069111326?substory_index=602089069111326,2025-12-16,0,0,0,18,826,0,0,0,0,0,0,0,0,0,2026-01-15 14:58:28
103640919705348_926302096360555,2025-01-22 12:08:53,https://www.facebook.com/1115814590742637/posts/926302096360555,2025-12-16,0,0,0,42,1368,0,0,0,12,0,0,0,0,0,2026-01-15 14:58:28
103640919705348_922962860027812,2025-01-17 18:00:11,https://www.facebook.com/1115814590742637/posts/922962860027812,2025-12-16,0,0,0,20,1203,0,0,0,20,0,0,0,0,0,2026-01-15 14:58:28
103640919705348_922306216760143,2025-01-16 18:11:10,https://www.facebook.com/1115814590742637/posts/922306216760143,2025-12-16,0,0,0,1133,11618,0,0,0,225,1,1,2,1,2,2026-01-15 14:58:28
103640919705348_916988713958560,2025-01-08 17:58:03,https://www.facebook.com/1115814590742637/posts/916988713958560,2025-12-16,0,0,0,26,1770,0,0,0,27,0,0,0,0,0,2026-01-15 14:58:28
103640919705348_914006634256768,2025-01-04 10:00:11,https://www.facebook.com/1115814590742637/posts/914006634256768,2025-12-16,0,0,0,5,1198,0,0,0,16,0,0,0,0,0,2026-01-15 14:58:28
103640919705348_898563615801070,2024-12-12 18:00:10,https://www.facebook.com/1115814590742637/posts/898563615801070,2025-12-16,0,0,0,14,1370,0,0,0,15,1,0,0,0,0,2026-01-15 14:58:28
103640919705348_898440922480006,2024-12-12 13:00:20,https://www.facebook.com/1115814590742637/posts/898440922480006,2025-12-16,0,0,0,304,4332,0,0,0,37,0,0,0,0,1,2026-01-15 14:58:28
103640919705348_897374715919960,2024-12-10 19:59:32,https://www.facebook.com/1115814590742637/posts/897374715919960,2025-12-16,0,0,0,290,31734,0,0,0,50,3,0,0,0,0,2026-01-15 14:58:28
103640919705348_896685742655524,2024-12-09 18:00:47,https://www.facebook.com/1115814590742637/posts/896685742655524,2025-12-16,0,0,0,51,1716,0,0,0,16,0,0,0,0,0,2026-01-15 14:58:28
103640919705348_894665339524231,2024-12-06 19:00:10,https://www.facebook.com/1115814590742637/posts/894665339524231,2025-12-16,0,0,0,210,2025,0,0,0,32,1,0,1,0,0,2026-01-15 14:58:28
103640919705348_893308879659877,2024-12-04 17:53:09,https://www.facebook.com/1115814590742637/videos/933988934899514,2025-12-16,0,0,0,6,403,0,0,0,0,0,0,0,0,0,2026-01-15 14:58:28
103640919705348_889929183331180,2024-11-29 17:00:36,https://www.facebook.com/1115814590742637/posts/889929183331180,2025-12-16,0,0,0,20,1196,0,0,0,17,1,0,0,0,0,2026-01-15 14:58:28
103640919705348_889282663395832,2024-11-28 18:00:16,https://www.facebook.com/1115814590742637/posts/889282663395832,2025-12-16,0,0,0,35,1887,0,0,0,23,3,0,0,0,0,2026-01-15 14:58:28
103640919705348_888648316792600,2024-11-27 19:00:23,https://www.facebook.com/1115814590742637/posts/888648316792600,2025-12-16,0,0,0,67,1290,0,0,0,13,2,0,0,0,0,2026-01-15 14:58:28
103640919705348_887983966859035,2024-11-26 19:00:17,https://www.facebook.com/1115814590742637/posts/887983966859035,2025-12-16,0,0,0,8,988,0,0,0,15,0,0,0,0,0,2026-01-15 14:58:28
103640919705348_887300216927410,2024-11-25 18:00:11,https://www.facebook.com/1115814590742637/posts/887300216927410,2025-12-16,0,0,0,30,1071,0,0,0,14,0,0,0,0,0,2026-01-15 14:58:28
103640919705348_513788575147506,2024-11-22 17:48:48,https://www.facebook.com/events/513788575147506/,2025-12-16,0,0,0,15,471,0,0,0,0,0,0,0,0,0,2026-01-15 14:58:28
103640919705348_885286773795421,2024-11-22 17:45:37,https://www.facebook.com/1115814590742637/posts/885286773795421,2025-12-16,0,0,0,69,1619,0,0,0,18,0,0,0,0,0,2026-01-15 14:58:28
103640919705348_883280443996054,2024-11-19 18:00:46,https://www.facebook.com/1115814590742637/videos/580677287699344,2025-12-16,0,0,0,16,449,0,0,0,0,0,0,0,0,0,2026-01-15 14:58:28
103640919705348_880682627589169,2024-11-15 19:30:08,https://www.facebook.com/1115814590742637/posts/880682627589169,2025-12-16,0,0,0,21,1155,0,0,0,9,0,0,0,0,0,2026-01-15 14:58:28
103640919705348_880580457599386,2024-11-15 15:57:16,https://www.facebook.com/1115814590742637/videos/567310985994291,2025-12-16,0,0,0,187,1418,0,0,0,0,0,0,0,0,0,2026-01-15 14:58:28
103640919705348_878652377792194,2024-11-12 17:36:51,https://www.facebook.com/1115814590742637/posts/878652377792194,2025-12-16,0,0,0,139,1376,0,0,0,31,13,0,0,0,0,2026-01-15 14:58:28
103640919705348_876993074624791,2024-11-10 09:00:14,https://www.facebook.com/1115814590742637/posts/876993074624791,2025-12-16,0,0,0,32,2535,0,0,0,28,3,0,0,0,0,2026-01-15 14:58:28
103640919705348_875858211404944,2024-11-08 18:43:56,https://www.facebook.com/1115814590742637/posts/875858211404944,2025-12-16,0,0,0,139,3067,0,0,0,33,0,0,0,0,0,2026-01-15 14:58:28
103640919705348_875197804804318,2024-11-07 19:53:57,https://www.facebook.com/1115814590742637/posts/875197804804318,2025-12-16,0,0,0,173,3240,0,0,0,117,1,0,1,0,0,2026-01-15 14:58:28
103640919705348_874462314877867,2024-11-06 17:42:59,https://www.facebook.com/1115814590742637/posts/874462314877867,2025-12-16,0,0,0,149,2477,0,0,0,22,3,0,6,0,0,2026-01-15 14:58:28
103640919705348_873775578279874,2024-11-05 17:27:42,https://www.facebook.com/1115814590742637/posts/873775578279874,2025-12-16,0,0,0,154,2937,0,0,0,345,2,0,13,0,2,2026-01-15 14:58:28
103640919705348_873113595012739,2024-11-04 17:30:02,https://www.facebook.com/1115814590742637/posts/873113595012739,2025-12-16,0,0,0,45,1406,0,0,0,26,1,0,0,0,0,2026-01-15 14:58:28
103640919705348_872988798358552,2024-11-04 12:26:11,https://www.facebook.com/1115814590742637/posts/872988798358552,2025-12-16,0,0,0,385,8701,0,0,0,1145,8,0,9,0,2,2026-01-15 14:58:28
103640919705348_872323861758379,2024-11-03 13:01:41,https://www.facebook.com/1115814590742637/videos/886874793418601,2025-12-16,0,0,0,58,1428,0,0,0,0,0,0,0,0,0,2026-01-15 14:58:28
103640919705348_871600915164007,2024-11-02 12:00:16,https://www.facebook.com/1115814590742637/posts/871600915164007,2025-12-16,0,0,0,136,2149,0,0,0,25,4,0,1,0,0,2026-01-15 14:58:28
103640919705348_871054495218649,2024-11-01 18:08:16,https://www.facebook.com/1115814590742637/posts/871054495218649,2025-12-16,0,0,0,1012,11678,0,0,0,366,2,1,91,3,7,2026-01-15 14:58:28
103640919705348_870294828627949,2024-10-31 17:13:29,https://www.facebook.com/1115814590742637/posts/870294828627949,2025-12-16,0,0,0,69,2784,0,0,0,37,0,0,0,0,0,2026-01-15 14:58:28
103640919705348_869632235360875,2024-10-30 18:00:25,https://www.facebook.com/1115814590742637/posts/869632235360875,2025-12-16,0,0,0,187,3847,0,0,0,67,7,0,1,1,0,2026-01-15 14:58:28
103640919705348_869461485377950,2024-10-30 11:30:06,https://www.facebook.com/1115814590742637/posts/869461485377950,2025-12-16,0,0,0,140,3678,0,0,0,127,1,0,4,0,9,2026-01-15 14:58:28
103640919705348_868957518761680,2024-10-29 18:00:18,https://www.facebook.com/1115814590742637/posts/868957518761680,2025-12-16,0,0,0,226,4275,0,0,0,283,5,0,0,0,0,2026-01-15 14:58:28
103640919705348_868278922162873,2024-10-28 18:11:46,https://www.facebook.com/1115814590742637/posts/868278922162873,2025-12-16,0,0,0,165,4425,0,0,0,48,1,0,0,0,0,2026-01-15 14:58:28
103640919705348_866103212380444,2024-10-25 17:48:25,https://www.facebook.com/1115814590742637/posts/866103212380444,2025-12-16,0,0,0,974,10068,0,0,0,80,12,0,44,0,0,2026-01-15 14:58:28
103640919705348_829937779213276,2024-10-24 14:16:57,https://www.facebook.com/events/829937779213276/,2025-12-16,0,0,0,5,697,0,0,0,0,0,0,0,0,0,2026-01-15 14:58:28
103640919705348_864011122589653,2024-10-22 17:43:59,https://www.facebook.com/1115814590742637/posts/864011122589653,2025-12-16,0,0,0,307,6852,0,0,0,369,4,0,12,0,18,2026-01-15 14:58:28
103640919705348_863917405932358,2024-10-22 14:13:55,https://www.facebook.com/1115814590742637/posts/863917405932358,2025-12-16,0,0,0,38,990,0,0,0,10,0,0,0,0,0,2026-01-15 14:58:28
103640919705348_1113633283703452,2024-10-21 11:15:23,https://www.facebook.com/events/1113633283703452/,2025-12-16,0,0,0,12,754,0,0,0,0,0,0,0,0,0,2026-01-15 14:58:28
103640919705348_861068342883931,2024-10-18 15:37:45,https://www.facebook.com/1115814590742637/posts/861068342883931,2025-12-16,0,0,0,68,2038,0,0,0,23,1,0,0,0,0,2026-01-15 14:58:28
103640919705348_930442692530712,2024-10-18 10:17:19,https://www.facebook.com/events/930442692530712/,2025-12-16,0,0,0,8,624,0,0,0,0,0,0,0,0,0,2026-01-15 14:58:28
103640919705348_860447586279340,2024-10-17 19:06:57,https://www.facebook.com/1115814590742637/posts/860447586279340,2025-12-16,0,0,0,57,1820,0,0,0,17,0,0,0,0,0,2026-01-15 14:58:28
103640919705348_859631386360960,2024-10-16 16:20:13,https://www.facebook.com/1115814590742637/posts/859631386360960,2025-12-16,0,0,0,339,7944,0,0,0,323,5,3,4,0,3,2026-01-15 14:58:28
103640919705348_858887633102002,2024-10-15 17:00:12,https://www.facebook.com/1115814590742637/posts/858887633102002,2025-12-16,0,0,0,19,1351,0,0,0,18,0,0,0,0,0,2026-01-15 14:58:28
103640919705348_858173806506718,2024-10-14 18:05:12,https://www.facebook.com/1115814590742637/posts/858173806506718,2025-12-16,0,0,0,87,2734,0,0,0,20,0,0,0,0,1,2026-01-15 14:58:28
103640919705348_856601276663971,2024-10-12 18:00:10,https://www.facebook.com/1115814590742637/posts/856601276663971,2025-12-16,0,0,0,3,1578,0,0,0,8,0,0,0,0,0,2026-01-15 14:58:28
103640919705348_855832260074206,2024-10-11 18:35:39,https://www.facebook.com/1115814590742637/posts/855832260074206,2025-12-16,0,0,0,62,2921,0,0,0,45,0,0,0,0,0,2026-01-15 14:58:28
103640919705348_854265610230871,2024-10-09 17:00:00,https://www.facebook.com/1115814590742637/posts/854265610230871,2025-12-16,0,0,0,44,1341,0,0,0,2,0,0,0,0,0,2026-01-15 14:58:28
103640919705348_853559466968152,2024-10-08 17:00:15,https://www.facebook.com/1115814590742637/posts/853559466968152,2025-12-16,0,0,0,197,13420,0,0,0,161,1,0,10,0,3,2026-01-15 14:58:28
103640919705348_852903267033772,2024-10-07 18:23:23,https://www.facebook.com/1115814590742637/posts/852903267033772,2025-12-16,0,0,0,156,3122,0,0,0,20,0,1,0,3,0,2026-01-15 14:58:28
103640919705348_852137053777060,2024-10-06 16:00:22,https://www.facebook.com/1115814590742637/posts/852137053777060,2025-12-16,0,0,0,101,2656,0,0,0,21,0,0,0,0,0,2026-01-15 14:58:28
103640919705348_1029876252267240,2024-10-06 13:53:29,https://www.facebook.com/events/1029876252267240/,2025-12-16,0,0,0,8,403,0,0,0,0,0,0,0,0,0,2026-01-15 14:58:28
103640919705348_846926334298132,2024-09-29 14:00:16,https://www.facebook.com/1115814590742637/posts/846926334298132,2025-12-16,0,0,0,41,2187,0,0,0,32,0,0,0,0,0,2026-01-15 14:58:28
103640919705348_845606047763494,2024-09-27 19:00:44,https://www.facebook.com/1115814590742637/posts/845606047763494,2025-12-16,0,0,0,42,2093,0,0,0,26,1,0,0,0,0,2026-01-15 14:58:28
103640919705348_844107191246713,2024-09-25 18:00:26,https://www.facebook.com/1115814590742637/posts/844107191246713,2025-12-16,0,0,0,25,1410,0,0,0,20,2,0,0,0,0,2026-01-15 14:58:28
103640919705348_843357161321716,2024-09-24 18:01:04,https://www.facebook.com/1115814590742637/posts/843357161321716,2025-12-16,0,0,0,22,1604,0,0,0,21,1,0,0,0,0,2026-01-15 14:58:28
103640919705348_843116078012491,2024-09-24 10:00:12,https://www.facebook.com/1115814590742637/posts/843116078012491,2025-12-16,0,0,0,111,5648,0,0,0,33,0,0,0,0,0,2026-01-15 14:58:28
103640919705348_842622858061813,2024-09-23 18:00:20,https://www.facebook.com/1115814590742637/posts/842622858061813,2025-12-16,0,0,0,58,1982,0,0,0,35,1,0,0,0,0,2026-01-15 14:58:28
103640919705348_901907915156060,2024-09-23 14:35:23,https://www.facebook.com/events/901907915156060/,2025-12-16,0,0,0,9,1358,0,0,0,0,0,0,0,0,0,2026-01-15 14:58:28
103640919705348_1095469568654814,2024-09-20 13:18:31,https://www.facebook.com/events/1095469568654814/,2025-12-16,0,0,0,1,506,0,0,0,0,0,0,0,0,0,2026-01-15 14:58:28
103640919705348_839668171690615,2024-09-19 15:08:05,https://www.facebook.com/1115814590742637/posts/839668171690615,2025-12-16,0,0,0,34,1522,0,0,0,22,0,0,0,0,0,2026-01-15 14:58:28
103640919705348_839004458423653,2024-09-18 17:00:12,https://www.facebook.com/1115814590742637/posts/839004458423653,2025-12-16,0,0,0,291,6307,0,0,0,182,1,0,2,0,3,2026-01-15 14:58:28
103640919705348_838082381849194,2024-09-17 10:00:19,https://www.facebook.com/1115814590742637/posts/838082381849194,2025-12-16,0,0,0,28,779,0,0,0,25,3,0,0,0,0,2026-01-15 14:58:28
103640919705348_1241479946868938,2024-09-05 15:50:59,https://www.facebook.com/events/1241479946868938/,2025-12-16,0,0,0,25,750,0,0,0,0,0,0,0,0,0,2026-01-15 14:58:28
103640919705348_829721726018593,2024-09-04 18:00:20,https://www.facebook.com/1115814590742637/posts/829721726018593,2025-12-16,0,0,0,53,2984,0,0,0,36,0,0,0,0,0,2026-01-15 14:58:28
103640919705348_829064966084269,2024-09-03 17:00:18,https://www.facebook.com/1115814590742637/posts/829064966084269,2025-12-16,0,0,0,271,4203,0,0,0,43,0,0,0,0,1,2026-01-15 14:58:28
103640919705348_826527626338003,2024-08-30 18:00:19,https://www.facebook.com/1115814590742637/posts/826527626338003,2025-12-16,0,0,0,50,2335,0,0,0,38,0,0,0,0,0,2026-01-15 14:58:28
103640919705348_822349730089126,2024-08-24 08:00:24,https://www.facebook.com/1115814590742637/posts/822349730089126,2025-12-16,0,0,0,25,2267,0,0,0,21,0,0,0,6,0,2026-01-15 14:58:28
103640919705348_820635240260575,2024-08-21 17:30:05,https://www.facebook.com/1115814590742637/posts/820635240260575,2025-12-16,0,0,0,151,2917,0,0,0,29,0,0,0,0,0,2026-01-15 14:58:28
103640919705348_819319110392188,2024-08-19 17:30:09,https://www.facebook.com/1115814590742637/posts/819319110392188,2025-12-16,0,0,0,6,1458,0,0,0,9,2,0,0,0,0,2026-01-15 14:58:28
103640919705348_4007548642846258,2024-08-16 15:47:16,https://www.facebook.com/events/4007548642846258/,2025-12-16,0,0,0,0,822,0,0,0,0,0,0,0,0,0,2026-01-15 14:58:28
103640919705348_484142681107011,2024-08-16 15:27:35,https://www.facebook.com/events/484142681107011/,2025-12-16,0,0,0,2,1068,0,0,0,0,0,0,0,0,0,2026-01-15 14:58:28
103640919705348_816784943978938,2024-08-15 18:30:08,https://www.facebook.com/1115814590742637/posts/816784943978938,2025-12-16,0,0,0,268,5929,0,0,0,53,1,0,0,0,0,2026-01-15 14:58:28
103640919705348_815491434108289,2024-08-13 18:43:19,https://www.facebook.com/1115814590742637/posts/815491434108289,2025-12-16,0,0,0,1031,56075,0,0,0,62,1,0,1,0,0,2026-01-15 14:58:28
103640919705348_812792814378151,2024-08-09 09:59:23,https://www.facebook.com/1115814590742637/posts/812792814378151,2025-12-16,0,0,0,5,1129,0,0,0,21,1,0,0,6,0,2026-01-15 14:58:28
103640919705348_812370841087015,2024-08-08 17:30:14,https://www.facebook.com/1115814590742637/posts/812370841087015,2025-12-16,0,0,0,72,2090,0,0,0,27,2,0,0,0,0,2026-01-15 14:58:28
103640919705348_811774557813310,2024-08-07 17:34:40,https://www.facebook.com/1115814590742637/posts/811774557813310,2025-12-16,0,0,0,55,1938,0,0,0,20,1,0,1,0,0,2026-01-15 14:58:28
103640919705348_811629857827780,2024-08-07 11:50:58,https://www.facebook.com/1115814590742637/posts/811629857827780,2025-12-16,0,0,0,37,907,0,0,0,17,1,0,0,0,0,2026-01-15 14:58:28
103640919705348_810575161266583,2024-08-05 18:02:05,https://www.facebook.com/1115814590742637/posts/810575161266583,2025-12-16,0,0,0,135,2325,0,0,0,20,0,0,0,0,0,2026-01-15 14:58:28
103640919705348_808761724781260,2024-08-02 18:51:23,https://www.facebook.com/1115814590742637/posts/808761724781260,2025-12-16,0,0,0,519,3154,0,0,0,32,0,1,13,0,0,2026-01-15 14:58:28
103640919705348_807928828197883,2024-08-01 09:35:18,https://www.facebook.com/1115814590742637/posts/807928828197883,2025-12-16,0,0,0,100,2207,0,0,0,71,1,1,0,2,0,2026-01-15 14:58:28
103640919705348_806899721634127,2024-07-30 18:00:11,https://www.facebook.com/1115814590742637/posts/806899721634127,2025-12-16,0,0,0,390,5339,0,0,0,234,1,0,2,0,1,2026-01-15 14:58:28
103640919705348_508863758216132,2024-07-29 17:37:36,https://www.facebook.com/events/508863758216132/,2025-12-16,0,0,0,0,872,0,0,0,0,0,0,0,0,0,2026-01-15 14:58:28
103640919705348_806312431692856,2024-07-29 17:30:08,https://www.facebook.com/1115814590742637/posts/806312431692856,2025-12-16,0,0,0,20,1682,0,0,0,21,0,0,0,0,0,2026-01-15 14:58:28
103640919705348_806187311705368,2024-07-29 12:00:20,https://www.facebook.com/1115814590742637/posts/806187311705368,2025-12-16,0,0,0,106,2424,0,0,0,34,1,0,0,0,0,2026-01-15 14:58:28
103640919705348_404461472649557,2024-07-29 11:15:03,https://www.facebook.com/events/404461472649557/,2025-12-16,0,0,0,0,502,0,0,0,0,0,0,0,0,0,2026-01-15 14:58:28
103640919705348_805030785154354,2024-07-27 13:33:27,https://www.facebook.com/1115814590742637/posts/805030785154354,2025-12-16,0,0,0,2099,27865,0,0,0,2166,32,12,18,5,6,2026-01-15 14:58:28
103640919705348_804405905216842,2024-07-26 13:32:31,https://www.facebook.com/1115814590742637/posts/804405905216842,2025-12-16,0,0,0,52,1825,0,0,0,31,1,0,1,0,0,2026-01-15 14:58:28
103640919705348_1018043036619128,2024-07-25 18:07:00,https://www.facebook.com/events/1018043036619128/,2025-12-16,0,0,0,0,460,0,0,0,0,0,0,0,0,0,2026-01-15 14:58:28
103640919705348_802799195377513,2024-07-23 21:34:18,https://www.facebook.com/1115814590742637/posts/802799195377513,2025-12-16,0,0,0,5,1038,0,0,0,14,2,0,0,0,0,2026-01-15 14:58:28
103640919705348_802703198720446,2024-07-23 18:00:19,https://www.facebook.com/1115814590742637/posts/802703198720446,2025-12-16,0,0,0,175,6405,0,0,0,660,6,1,17,0,4,2026-01-15 14:58:28
103640919705348_369956062787604,2024-07-23 16:58:56,https://www.facebook.com/events/369956062787604/,2025-12-16,0,0,0,1,565,0,0,0,0,0,0,0,0,0,2026-01-15 14:58:28
103640919705348_800846458906120,2024-07-20 11:00:04,https://www.facebook.com/1115814590742637/posts/800846458906120,2025-12-16,0,0,0,214,3428,0,0,0,58,0,0,0,0,0,2026-01-15 14:58:28
103640919705348_800338072290292,2024-07-19 13:30:08,https://www.facebook.com/1115814590742637/posts/800338072290292,2025-12-16,0,0,0,79,3982,0,0,0,36,2,0,0,0,0,2026-01-15 14:58:28
103640919705348_799865349004231,2024-07-18 18:00:18,https://www.facebook.com/1115814590742637/posts/799865349004231,2025-12-16,0,0,0,49,1895,0,0,0,27,2,0,0,0,0,2026-01-15 14:58:28
103640919705348_799266119064154,2024-07-17 17:30:10,https://www.facebook.com/1115814590742637/posts/799266119064154,2025-12-16,0,0,0,120,3136,0,0,0,90,1,0,0,0,0,2026-01-15 14:58:28
103640919705348_798652789125487,2024-07-16 17:30:12,https://www.facebook.com/1115814590742637/posts/798652789125487,2025-12-16,0,0,0,9,884,0,0,0,22,1,0,0,0,0,2026-01-15 14:58:28
103640919705348_798057942518305,2024-07-15 17:30:11,https://www.facebook.com/1115814590742637/posts/798057942518305,2025-12-16,0,0,0,19,1205,0,0,0,24,0,0,0,0,0,2026-01-15 14:58:28
103640919705348_796774912646608,2024-07-13 12:00:19,https://www.facebook.com/1115814590742637/posts/796774912646608,2025-12-16,0,0,0,9,963,0,0,0,16,3,0,0,0,0,2026-01-15 14:58:28
103640919705348_796214952702604,2024-07-12 12:00:28,https://www.facebook.com/1115814590742637/posts/796214952702604,2025-12-16,0,0,0,32,1364,0,0,0,28,0,0,1,0,1,2026-01-15 14:58:28
103640919705348_795146309476135,2024-07-10 15:12:46,https://www.facebook.com/1115814590742637/posts/795146309476135,2025-12-16,0,0,0,49,1562,0,0,0,52,6,0,0,0,0,2026-01-15 14:58:28
103640919705348_795023359488430,2024-07-10 09:46:42,https://www.facebook.com/1115814590742637/posts/795023359488430,2025-12-16,0,0,0,33,1108,0,0,0,18,0,0,0,0,0,2026-01-15 14:58:28
103640919705348_795014076156025,2024-07-10 09:24:04,https://www.facebook.com/1115814590742637/posts/795014076156025,2025-12-16,0,0,0,21,942,0,0,0,38,0,0,0,0,0,2026-01-15 14:58:28
103640919705348_794452766212156,2024-07-09 10:07:43,https://www.facebook.com/1115814590742637/posts/794452766212156,2025-12-16,0,0,0,7,320,0,0,0,19,0,0,0,0,0,2026-01-15 14:58:28
103640919705348_794012089589557,2024-07-08 16:00:31,https://www.facebook.com/1115814590742637/posts/794012089589557,2025-12-16,0,0,0,33,2373,0,0,0,66,5,0,0,0,0,2026-01-15 14:58:28
103640919705348_793944542929645,2024-07-08 12:51:54,https://www.facebook.com/1115814590742637/posts/793944542929645,2025-12-16,0,0,0,26,1203,0,0,0,36,0,0,0,0,0,2026-01-15 14:58:28
103640919705348_792231626434270,2024-07-05 18:31:12,https://www.facebook.com/1115814590742637/posts/792231626434270,2025-12-16,0,0,0,36,2831,0,0,0,45,0,0,0,0,1,2026-01-15 14:58:28
103640919705348_791609253163174,2024-07-04 18:00:25,https://www.facebook.com/1115814590742637/posts/791609253163174,2025-12-16,0,0,0,46,2730,0,0,0,35,0,0,0,0,0,2026-01-15 14:58:28
103640919705348_790994466557986,2024-07-03 17:57:04,https://www.facebook.com/1115814590742637/posts/790994466557986,2025-12-16,0,0,0,15,620,0,0,0,22,0,0,0,0,0,2026-01-15 14:58:28
103640919705348_790421153281984,2024-07-02 18:17:40,https://www.facebook.com/1115814590742637/posts/790421153281984,2025-12-16,0,0,0,18,1269,0,0,0,27,0,0,0,0,0,2026-01-15 14:58:28
103640919705348_789654646691968,2024-07-01 12:38:05,https://www.facebook.com/1115814590742637/posts/789654646691968,2025-12-16,0,0,0,273,5817,0,0,0,56,1,0,0,0,0,2026-01-15 14:58:28
103640919705348_787376193586480,2024-06-27 17:30:08,https://www.facebook.com/1115814590742637/posts/787376193586480,2025-12-16,0,0,0,10,1292,0,0,0,19,3,0,0,0,0,2026-01-15 14:58:28
103640919705348_918226313313053,2024-06-27 15:31:13,https://www.facebook.com/events/918226313313053/,2025-12-16,0,0,0,0,572,0,0,0,0,0,0,0,0,0,2026-01-15 14:58:28
103640919705348_786738953650204,2024-06-26 17:00:21,https://www.facebook.com/1115814590742637/posts/786738953650204,2025-12-16,0,0,0,19,1865,0,0,0,31,1,0,0,0,0,2026-01-15 14:58:28
103640919705348_784954953828604,2024-06-23 19:54:42,https://www.facebook.com/1115814590742637/posts/784954953828604,2025-12-16,0,0,0,68,1240,0,0,0,49,0,0,0,0,0,2026-01-15 14:58:28
103640919705348_782953820695384,2024-06-20 15:13:32,https://www.facebook.com/1115814590742637/posts/782953820695384,2025-12-16,0,0,0,26,950,0,0,0,32,0,0,0,0,0,2026-01-15 14:58:28
103640919705348_782391737418259,2024-06-19 17:00:01,https://www.facebook.com/1115814590742637/posts/782391737418259,2025-12-16,0,0,0,93,2976,0,0,0,47,3,0,0,1,1,2026-01-15 14:58:28
103640919705348_782221917435241,2024-06-19 10:00:16,https://www.facebook.com/1115814590742637/posts/782221917435241,2025-12-16,0,0,0,181,4251,0,0,0,245,0,7,58,0,7,2026-01-15 14:58:28
103640919705348_781902160800550,2024-06-18 21:10:34,https://www.facebook.com/1115814590742637/posts/781902160800550,2025-12-16,0,0,0,46,1191,0,0,0,52,0,0,0,0,0,2026-01-15 14:58:28
103640919705348_781819330808833,2024-06-18 18:08:22,https://www.facebook.com/1115814590742637/posts/781819330808833,2025-12-16,0,0,0,492,9600,0,0,0,84,0,1,0,0,0,2026-01-15 14:58:28
103640919705348_778245331166233,2024-06-12 18:00:22,https://www.facebook.com/1115814590742637/posts/778245331166233,2025-12-16,0,0,0,65,2823,0,0,0,52,0,0,0,0,0,2026-01-15 14:58:28
103640919705348_778163017841131,2024-06-12 14:16:22,https://www.facebook.com/1115814590742637/posts/778163017841131,2025-12-16,0,0,0,18,1739,0,0,0,13,0,0,0,0,0,2026-01-15 14:58:28
103640919705348_777634231227343,2024-06-11 16:28:47,https://www.facebook.com/1115814590742637/posts/777634231227343,2025-12-16,0,0,0,81,1569,0,0,0,23,0,0,1,0,0,2026-01-15 14:58:28
103640919705348_775189461471820,2024-06-07 12:03:52,https://www.facebook.com/1115814590742637/posts/775189461471820,2025-12-16,0,0,0,68,2460,0,0,0,36,1,0,0,1,0,2026-01-15 14:58:28
103640919705348_774710784853021,2024-06-06 17:01:50,https://www.facebook.com/1115814590742637/posts/774710784853021,2025-12-16,0,0,0,206,5148,0,0,0,75,3,0,0,0,0,2026-01-15 14:58:28
103640919705348_774590868198346,2024-06-06 11:54:34,https://www.facebook.com/1115814590742637/posts/774590868198346,2025-12-16,0,0,0,13,1364,0,0,0,19,0,0,0,0,0,2026-01-15 14:58:28
103640919705348_801780018343821,2024-06-05 17:10:27,https://www.facebook.com/events/801780018343821/,2025-12-16,0,0,0,0,863,0,0,0,0,0,0,0,0,0,2026-01-15 14:58:28
103640919705348_774133618244071,2024-06-05 17:00:26,https://www.facebook.com/1115814590742637/posts/774133618244071,2025-12-16,0,0,0,10,1723,0,0,0,18,0,0,0,0,0,2026-01-15 14:58:28
103640919705348_772997281691038,2024-06-03 17:30:16,https://www.facebook.com/1115814590742637/posts/772997281691038,2025-12-16,0,0,0,45,1580,0,0,0,67,2,0,0,0,0,2026-01-15 14:58:28
103640919705348_771205448536888,2024-05-31 18:03:47,https://www.facebook.com/1115814590742637/posts/771205448536888,2025-12-16,0,0,0,29,1917,0,0,0,31,1,0,0,0,0,2026-01-15 14:58:28
103640919705348_770723928585040,2024-05-30 21:54:07,https://www.facebook.com/1115814590742637/posts/770723928585040,2025-12-16,0,0,0,4,797,0,0,0,12,1,0,0,0,0,2026-01-15 14:58:28
103640919705348_770631365260963,2024-05-30 18:27:43,https://www.facebook.com/1115814590742637/posts/770631365260963,2025-12-16,0,0,0,92,1520,0,0,0,25,1,0,0,0,0,2026-01-15 14:58:28
103640919705348_770480548609378,2024-05-30 11:58:13,https://www.facebook.com/1115814590742637/posts/770480548609378,2025-12-16,0,0,0,318,10579,0,0,0,272,3,0,1,2,2,2026-01-15 14:58:28
103640919705348_1458877368321758,2024-05-30 11:17:02,https://www.facebook.com/events/1458877368321758/,2025-12-16,0,0,0,0,831,0,0,0,0,0,0,0,0,0,2026-01-15 14:58:28
103640919705348_770027021988064,2024-05-29 17:47:43,https://www.facebook.com/1115814590742637/posts/770027021988064,2025-12-16,0,0,0,114,3255,0,0,0,74,0,0,0,0,1,2026-01-15 14:58:28
103640919705348_1473340226598195,2024-05-29 16:00:27,https://www.facebook.com/events/1473340226598195/,2025-12-16,0,0,0,0,438,0,0,0,0,0,0,0,0,0,2026-01-15 14:58:28
103640919705348_769244792066287,2024-05-28 10:04:20,https://www.facebook.com/1115814590742637/posts/769244792066287,2025-12-16,0,0,0,71,1301,0,0,0,55,3,0,0,0,0,2026-01-15 14:58:28
103640919705348_766896912301075,2024-05-24 12:25:20,https://www.facebook.com/1115814590742637/posts/766896912301075,2025-12-16,0,0,0,28,1066,0,0,0,68,2,0,0,0,0,2026-01-15 14:58:28
103640919705348_766442319013201,2024-05-23 18:15:57,https://www.facebook.com/1115814590742637/posts/766442319013201,2025-12-16,0,0,0,304,4795,0,0,0,274,6,0,4,0,0,2026-01-15 14:58:28
103640919705348_765841162406650,2024-05-22 18:18:12,https://www.facebook.com/1115814590742637/posts/765841162406650,2025-12-16,0,0,0,10,1386,0,0,0,16,0,0,0,0,0,2026-01-15 14:58:28
103640919705348_765291659128267,2024-05-21 21:21:07,https://www.facebook.com/1115814590742637/posts/765291659128267,2025-12-16,0,0,0,254,4283,0,0,0,242,4,0,1,0,1,2026-01-15 14:58:28
103640919705348_765024919154941,2024-05-21 11:05:34,https://www.facebook.com/1115814590742637/posts/765024919154941,2025-12-16,0,0,0,85,2734,0,0,0,116,3,0,0,1,0,2026-01-15 14:58:28
103640919705348_764380545886045,2024-05-20 11:15:07,https://www.facebook.com/1115814590742637/posts/764380545886045,2025-12-16,0,0,0,187,2967,0,0,0,225,6,1,0,0,1,2026-01-15 14:58:28
103640919705348_761818862808880,2024-05-16 17:00:14,https://www.facebook.com/1115814590742637/posts/761818862808880,2025-12-16,0,0,0,13,2213,0,0,0,30,0,0,0,0,0,2026-01-15 14:58:28
103640919705348_761180162872750,2024-05-15 17:45:26,https://www.facebook.com/1115814590742637/posts/761180162872750,2025-12-16,0,0,0,107,3028,0,0,0,46,1,0,0,0,0,2026-01-15 14:58:28
103640919705348_760476282943138,2024-05-14 14:00:17,https://www.facebook.com/1115814590742637/posts/760476282943138,2025-12-16,0,0,0,41,1772,0,0,0,34,1,0,0,0,0,2026-01-15 14:58:28
103640919705348_759972809660152,2024-05-13 18:06:56,https://www.facebook.com/1115814590742637/posts/759972809660152,2025-12-16,0,0,0,17,2700,0,0,0,26,0,0,0,0,0,2026-01-15 14:58:28
103640919705348_378870704504979,2024-05-13 13:16:00,https://www.facebook.com/1115814590742637/posts/378870704504979?substory_index=378870704504979,2025-12-16,0,0,0,25,1634,0,0,0,0,0,0,0,0,0,2026-01-15 14:58:28
103640919705348_758020263188740,2024-05-10 17:00:20,https://www.facebook.com/1115814590742637/posts/758020263188740,2025-12-16,0,0,0,22,2196,0,0,0,23,2,0,0,0,0,2026-01-15 14:58:28
103640919705348_756808839976549,2024-05-08 17:17:31,https://www.facebook.com/1115814590742637/posts/756808839976549,2025-12-16,0,0,0,18,2594,0,0,0,30,0,0,0,0,0,2026-01-15 14:58:28
103640919705348_756220273368739,2024-05-07 18:15:21,https://www.facebook.com/1115814590742637/posts/756220273368739,2025-12-16,0,0,0,35,2780,0,0,0,27,0,0,0,0,0,2026-01-15 14:58:28
103640919705348_755603330097100,2024-05-06 18:00:12,https://www.facebook.com/1115814590742637/posts/755603330097100,2025-12-16,0,0,0,245,6849,0,0,0,107,0,0,1,0,0,2026-01-15 14:58:28
103640919705348_755460400111393,2024-05-06 12:02:30,https://www.facebook.com/1115814590742637/posts/755460400111393,2025-12-16,0,0,0,43,2063,0,0,0,33,0,0,0,1,0,2026-01-15 14:58:28
103640919705348_753732170284216,2024-05-03 17:42:58,https://www.facebook.com/1115814590742637/posts/753732170284216,2025-12-16,0,0,0,445,6324,0,0,0,459,0,3,7,11,134,2026-01-15 14:58:28
103640919705348_753196660337767,2024-05-02 20:02:20,https://www.facebook.com/1115814590742637/posts/753196660337767,2025-12-16,0,0,0,10,571,0,0,0,17,0,0,0,0,0,2026-01-15 14:58:28
103640919705348_753118810345552,2024-05-02 17:12:20,https://www.facebook.com/1115814590742637/posts/753118810345552,2025-12-16,0,0,0,200,2707,0,0,0,61,2,0,0,0,0,2026-01-15 14:58:28
103640919705348_1525499951368429,2024-05-01 22:26:28,https://www.facebook.com/events/1525499951368429/,2025-12-16,0,0,0,0,525,0,0,0,0,0,0,0,0,0,2026-01-15 14:58:28
103640919705348_751846850472748,2024-04-30 18:14:53,https://www.facebook.com/1115814590742637/posts/751846850472748,2025-12-16,0,0,0,1373,20321,0,0,0,372,2,1,1,0,1,2026-01-15 14:58:28
103640919705348_751178153872951,2024-04-29 16:34:36,https://www.facebook.com/1115814590742637/posts/751178153872951,2025-12-16,0,0,0,54,2454,0,0,0,38,0,0,0,0,1,2026-01-15 14:58:28
103640919705348_749408210716612,2024-04-26 19:24:16,https://www.facebook.com/1115814590742637/posts/749408210716612,2025-12-16,0,0,0,46,2127,0,0,0,50,0,0,0,0,2,2026-01-15 14:58:28
103640919705348_749237834066983,2024-04-26 12:06:16,https://www.facebook.com/1115814590742637/posts/749237834066983,2025-12-16,0,0,0,22,2357,0,0,0,26,0,1,0,0,1,2026-01-15 14:58:28
103640919705348_748788124111954,2024-04-25 18:29:34,https://www.facebook.com/1115814590742637/posts/748788124111954,2025-12-16,0,0,0,21,1982,0,0,0,23,0,0,0,0,1,2026-01-15 14:58:28
103640919705348_748644514126315,2024-04-25 12:24:19,https://www.facebook.com/1115814590742637/posts/748644514126315,2025-12-16,0,0,0,36,1828,0,0,0,22,0,0,0,0,1,2026-01-15 14:58:28
103640919705348_748165190840914,2024-04-24 18:00:16,https://www.facebook.com/1115814590742637/posts/748165190840914,2025-12-16,0,0,0,13,1324,0,0,0,12,0,0,0,0,2,2026-01-15 14:58:28
103640919705348_1174231253566908,2024-04-24 13:15:13,https://www.facebook.com/events/1174231253566908/,2025-12-16,0,0,0,0,639,0,0,0,0,0,0,0,0,0,2026-01-15 14:58:28
103640919705348_748026817521418,2024-04-24 12:00:43,https://www.facebook.com/1115814590742637/posts/748026817521418,2025-12-16,0,0,0,84,3827,0,0,0,42,0,0,0,0,1,2026-01-15 14:58:28
103640919705348_747530727571027,2024-04-23 18:11:56,https://www.facebook.com/1115814590742637/posts/747530727571027,2025-12-16,0,0,0,34,1487,0,0,0,12,0,0,0,1,0,2026-01-15 14:58:28
103640919705348_747411910916242,2024-04-23 13:24:33,https://www.facebook.com/1115814590742637/posts/747411910916242,2025-12-16,0,0,0,89,2396,0,0,0,46,3,0,1,0,0,2026-01-15 14:58:28
103640919705348_747285104262256,2024-04-23 08:00:15,https://www.facebook.com/1115814590742637/posts/747285104262256,2025-12-16,0,0,0,26,2405,0,0,0,27,2,0,0,0,0,2026-01-15 14:58:28
103640919705348_746957397628360,2024-04-22 18:36:27,https://www.facebook.com/1115814590742637/posts/746957397628360,2025-12-16,0,0,0,48,1709,0,0,0,20,1,0,0,0,0,2026-01-15 14:58:28
103640919705348_746890184301748,2024-04-22 15:30:09,https://www.facebook.com/1115814590742637/posts/746890184301748,2025-12-16,0,0,0,14,1010,0,0,0,9,1,0,0,0,0,2026-01-15 14:58:28
103640919705348_746828627641237,2024-04-22 12:37:04,https://www.facebook.com/1115814590742637/posts/746828627641237,2025-12-16,0,0,0,25,1617,0,0,0,16,0,0,0,0,0,2026-01-15 14:58:28
103640919705348_746269164363850,2024-04-21 12:51:55,https://www.facebook.com/1115814590742637/posts/746269164363850,2025-12-16,0,0,0,32,2035,0,0,0,20,0,0,0,0,0,2026-01-15 14:58:28
103640919705348_745798744410892,2024-04-20 16:51:31,https://www.facebook.com/1115814590742637/posts/745798744410892,2025-12-16,0,0,0,49,2101,0,0,0,24,1,0,0,0,0,2026-01-15 14:58:28
103640919705348_745261991131234,2024-04-19 18:00:25,https://www.facebook.com/1115814590742637/posts/745261991131234,2025-12-16,0,0,0,24,1567,0,0,0,13,2,0,0,0,0,2026-01-15 14:58:28
103640919705348_745195167804583,2024-04-19 14:59:21,https://www.facebook.com/1115814590742637/posts/745195167804583,2025-12-16,0,0,0,2,1150,0,0,0,7,0,0,0,0,0,2026-01-15 14:58:28
103640919705348_744703781187055,2024-04-18 17:57:57,https://www.facebook.com/1115814590742637/posts/744703781187055,2025-12-16,0,0,0,21,1127,0,0,0,13,1,0,0,0,0,2026-01-15 14:58:28
103640919705348_744572757866824,2024-04-18 12:00:13,https://www.facebook.com/1115814590742637/posts/744572757866824,2025-12-16,0,0,0,29,2044,0,0,0,29,1,0,0,0,0,2026-01-15 14:58:28
103640919705348_744086157915484,2024-04-17 18:00:08,https://www.facebook.com/1115814590742637/posts/744086157915484,2025-12-16,0,0,0,24,1725,0,0,0,27,1,0,1,0,0,2026-01-15 14:58:28
103640919705348_743952297928870,2024-04-17 12:00:01,https://www.facebook.com/1115814590742637/posts/743952297928870,2025-12-16,0,0,0,332,9893,0,0,0,159,3,1,4,0,0,2026-01-15 14:58:28
103640919705348_743511091306324,2024-04-16 18:00:15,https://www.facebook.com/1115814590742637/posts/743511091306324,2025-12-16,0,0,0,48,2282,0,0,0,166,0,0,0,0,0,2026-01-15 14:58:28
103640919705348_743396617984438,2024-04-16 13:12:48,https://www.facebook.com/1115814590742637/posts/743396617984438,2025-12-16,0,0,0,33,620,0,0,0,38,1,0,0,0,0,2026-01-15 14:58:28
103640919705348_742774371379996,2024-04-15 12:00:09,https://www.facebook.com/1115814590742637/posts/742774371379996,2025-12-16,0,0,0,38,2063,0,0,0,24,0,0,0,0,0,2026-01-15 14:58:28
103640919705348_741010024889764,2024-04-12 12:07:57,https://www.facebook.com/1115814590742637/posts/741010024889764,2025-12-16,0,0,0,65,3499,0,0,0,42,0,0,0,0,0,2026-01-15 14:58:28
103640919705348_740413534949413,2024-04-11 11:58:55,https://www.facebook.com/1115814590742637/posts/740413534949413,2025-12-16,0,0,0,444,8018,0,0,0,107,4,0,10,0,0,2026-01-15 14:58:28
103640919705348_739925711664862,2024-04-10 17:00:11,https://www.facebook.com/1115814590742637/posts/739925711664862,2025-12-16,0,0,0,214,3989,0,0,0,218,1,0,19,0,4,2026-01-15 14:58:28
103640919705348_739769611680472,2024-04-10 10:30:49,https://www.facebook.com/1115814590742637/posts/739769611680472,2025-12-16,0,0,0,5,371,0,0,0,9,1,0,0,0,1,2026-01-15 14:58:28
103640919705348_738767235114043,2024-04-08 18:00:28,https://www.facebook.com/1115814590742637/posts/738767235114043,2025-12-16,0,0,0,191,5961,0,0,0,54,1,0,6,0,1,2026-01-15 14:58:28
103640919705348_343152848770451,2024-04-07 13:47:34,https://www.facebook.com/events/343152848770451/,2025-12-16,0,0,0,0,875,0,0,0,0,0,0,0,0,0,2026-01-15 14:58:28
103640919705348_738054735185293,2024-04-07 11:30:14,https://www.facebook.com/1115814590742637/posts/738054735185293,2025-12-16,0,0,0,17,3543,0,0,0,30,0,2,0,1,0,2026-01-15 14:58:28
103640919705348_738043061853127,2024-04-07 11:00:38,https://www.facebook.com/1115814590742637/posts/738043061853127,2025-12-16,0,0,0,160,2335,0,0,0,412,6,0,6,0,3,2026-01-15 14:58:28
103640919705348_735921748731925,2024-04-03 17:11:06,https://www.facebook.com/1115814590742637/posts/735921748731925,2025-12-16,0,0,0,44,3036,0,0,0,19,3,1,0,0,1,2026-01-15 14:58:28
103640919705348_735310908793009,2024-04-02 17:00:11,https://www.facebook.com/1115814590742637/posts/735310908793009,2025-12-16,0,0,0,23,2693,0,0,0,33,3,0,0,0,0,2026-01-15 14:58:28
103640919705348_735196982137735,2024-04-02 12:29:37,https://www.facebook.com/1115814590742637/posts/735196982137735,2025-12-16,0,0,0,11,1691,0,0,0,21,0,0,1,0,0,2026-01-15 14:58:28
103640919705348_734567802200653,2024-04-01 12:01:33,https://www.facebook.com/1115814590742637/posts/734567802200653,2025-12-16,0,0,0,273,5776,0,0,0,29,0,1,26,1,1,2026-01-15 14:58:28
103640919705348_734117042245729,2024-03-31 20:05:05,https://www.facebook.com/1115814590742637/posts/734117042245729,2025-12-16,0,0,0,496,26702,0,0,0,109,1,1,4,0,1,2026-01-15 14:58:28
103640919705348_732800402377393,2024-03-29 16:08:45,https://www.facebook.com/1115814590742637/posts/732800402377393,2025-12-16,0,0,0,208,3054,0,0,0,116,0,2,3,0,0,2026-01-15 14:58:28
103640919705348_732248445765922,2024-03-28 18:00:07,https://www.facebook.com/1115814590742637/posts/732248445765922,2025-12-16,0,0,0,13,1497,0,0,0,13,0,0,1,2,0,2026-01-15 14:58:28
103640919705348_731685755822191,2024-03-27 18:03:19,https://www.facebook.com/1115814590742637/posts/731685755822191,2025-12-16,0,0,0,34,1196,0,0,0,28,0,0,1,0,0,2026-01-15 14:58:28
103640919705348_730510062606427,2024-03-25 17:30:15,https://www.facebook.com/1115814590742637/posts/730510062606427,2025-12-16,0,0,0,64,2130,0,0,0,24,1,0,2,0,0,2026-01-15 14:58:28
103640919705348_728508512806582,2024-03-22 11:59:47,https://www.facebook.com/1115814590742637/posts/728508512806582,2025-12-16,0,0,0,36,1833,0,0,0,32,0,0,3,0,0,2026-01-15 14:58:28
103640919705348_728043792853054,2024-03-21 17:13:11,https://www.facebook.com/1115814590742637/posts/728043792853054,2025-12-16,0,0,0,40,2172,0,0,0,37,0,0,0,0,0,2026-01-15 14:58:28
103640919705348_727530379571062,2024-03-20 18:21:48,https://www.facebook.com/1115814590742637/posts/727530379571062,2025-12-16,0,0,0,16,1295,0,0,0,20,0,0,0,0,0,2026-01-15 14:58:28
103640919705348_727408486249918,2024-03-20 12:01:06,https://www.facebook.com/1115814590742637/posts/727408486249918,2025-12-16,0,0,0,27,2060,0,0,0,33,0,0,0,0,0,2026-01-15 14:58:28
103640919705348_726924719631628,2024-03-19 15:01:39,https://www.facebook.com/1115814590742637/posts/726924719631628,2025-12-16,0,0,0,9,681,0,0,0,21,0,0,0,0,0,2026-01-15 14:58:28
103640919705348_726806036310163,2024-03-19 10:04:36,https://www.facebook.com/1115814590742637/posts/726806036310163,2025-12-16,0,0,0,6,428,0,0,0,19,0,0,0,0,0,2026-01-15 14:58:28
103640919705348_726433343014099,2024-03-18 18:15:36,https://www.facebook.com/1115814590742637/posts/726433343014099,2025-12-16,0,0,0,21,1670,0,0,0,26,0,0,0,0,0,2026-01-15 14:58:28
103640919705348_725318706458896,2024-03-16 18:00:26,https://www.facebook.com/1115814590742637/posts/725318706458896,2025-12-16,0,0,0,13,749,0,0,0,15,1,0,0,0,0,2026-01-15 14:58:28
103640919705348_724769906513776,2024-03-15 18:00:17,https://www.facebook.com/1115814590742637/posts/724769906513776,2025-12-16,0,0,0,3,1394,0,0,0,14,1,0,0,0,0,2026-01-15 14:58:28
103640919705348_724651526525614,2024-03-15 12:26:12,https://www.facebook.com/1115814590742637/posts/724651526525614,2025-12-16,0,0,0,22,1476,0,0,0,19,0,0,0,0,0,2026-01-15 14:58:28
103640919705348_723667079957392,2024-03-13 17:00:46,https://www.facebook.com/1115814590742637/posts/723667079957392,2025-12-16,0,0,0,35,1837,0,0,0,29,2,0,0,0,0,2026-01-15 14:58:28
103640919705348_722681510055949,2024-03-11 18:30:03,https://www.facebook.com/1115814590742637/posts/722681510055949,2025-12-16,0,0,0,95,4259,0,0,0,50,1,0,0,0,1,2026-01-15 14:58:28
103640919705348_722634160060684,2024-03-11 16:10:37,https://www.facebook.com/1115814590742637/posts/722634160060684,2025-12-16,0,0,0,29,1079,0,0,0,24,0,0,0,0,0,2026-01-15 14:58:28
103640919705348_722517380072362,2024-03-11 10:11:52,https://www.facebook.com/1115814590742637/posts/722517380072362,2025-12-16,0,0,0,3,281,0,0,0,9,0,0,0,0,0,2026-01-15 14:58:28
103640919705348_722118460112254,2024-03-10 17:33:45,https://www.facebook.com/1115814590742637/posts/722118460112254,2025-12-16,0,0,0,6,687,0,0,0,8,0,1,0,0,0,2026-01-15 14:58:28
103640919705348_720879843569449,2024-03-08 11:01:13,https://www.facebook.com/1115814590742637/posts/720879843569449,2025-12-16,0,0,0,45,2347,0,0,0,37,1,0,2,0,0,2026-01-15 14:58:28
103640919705348_720466666944100,2024-03-07 17:00:39,https://www.facebook.com/1115814590742637/posts/720466666944100,2025-12-16,0,0,0,13,1554,0,0,0,19,1,0,0,0,0,2026-01-15 14:58:28
103640919705348_719920976998669,2024-03-06 17:00:26,https://www.facebook.com/1115814590742637/posts/719920976998669,2025-12-16,0,0,0,855,10017,0,0,0,232,5,1,0,0,0,2026-01-15 14:58:28
103640919705348_392121420087485,2024-03-01 17:03:49,https://www.facebook.com/events/392121420087485/,2025-12-16,0,0,0,0,492,0,0,0,0,0,0,0,0,0,2026-01-15 14:58:28
103640919705348_717216293935804,2024-03-01 17:00:33,https://www.facebook.com/1115814590742637/posts/717216293935804,2025-12-16,0,0,0,23,2093,0,0,0,28,0,0,0,0,0,2026-01-15 14:58:28
103640919705348_715123640811736,2024-02-26 19:07:39,https://www.facebook.com/1115814590742637/posts/715123640811736,2025-12-16,0,0,0,19,819,0,0,0,28,0,0,0,0,0,2026-01-15 14:58:28
103640919705348_713817394275694,2024-02-24 08:00:22,https://www.facebook.com/1115814590742637/posts/713817394275694,2025-12-16,0,0,0,227,7725,0,0,0,792,1,7,13,111,4,2026-01-15 14:58:28
103640919705348_861662599065681,2024-02-23 19:37:47,https://www.facebook.com/events/861662599065681/,2025-12-16,0,0,0,0,253,0,0,0,0,0,0,0,0,0,2026-01-15 14:58:28
103640919705348_713477317643035,2024-02-23 17:51:08,https://www.facebook.com/1115814590742637/posts/713477317643035,2025-12-16,0,0,0,179,4704,0,0,0,337,9,0,2,0,0,2026-01-15 14:58:28
103640919705348_712938764363557,2024-02-22 18:11:26,https://www.facebook.com/1115814590742637/posts/712938764363557,2025-12-16,0,0,0,14,1426,0,0,0,22,1,0,0,0,0,2026-01-15 14:58:28
103640919705348_712428161081284,2024-02-21 18:00:24,https://www.facebook.com/1115814590742637/posts/712428161081284,2025-12-16,0,0,0,14,1267,0,0,0,22,0,0,0,0,0,2026-01-15 14:58:28
103640919705348_712307054426728,2024-02-21 11:47:15,https://www.facebook.com/1115814590742637/posts/712307054426728,2025-12-16,0,0,0,178,4724,0,0,0,87,1,2,1,1,12,2026-01-15 14:58:28
103640919705348_711892671134833,2024-02-20 17:22:59,https://www.facebook.com/1115814590742637/posts/711892671134833,2025-12-16,0,0,0,9,1335,0,0,0,17,0,0,0,2,0,2026-01-15 14:58:28
103640919705348_711780517812715,2024-02-20 11:59:05,https://www.facebook.com/1115814590742637/posts/711780517812715,2025-12-16,0,0,0,26,1837,0,0,0,35,2,0,0,1,0,2026-01-15 14:58:28
103640919705348_711393407851426,2024-02-19 19:12:12,https://www.facebook.com/1115814590742637/posts/711393407851426,2025-12-16,0,0,0,11,1518,0,0,0,18,0,0,0,0,0,2026-01-15 14:58:28
103640919705348_709667064690727,2024-02-16 17:48:59,https://www.facebook.com/1115814590742637/posts/709667064690727,2025-12-16,0,0,0,36,1910,0,0,0,23,0,0,0,0,0,2026-01-15 14:58:28
103640919705348_6913366792119017,2024-02-16 10:22:55,https://www.facebook.com/events/6913366792119017/,2025-12-16,0,0,0,0,401,0,0,0,0,0,0,0,0,0,2026-01-15 14:58:28
103640919705348_773952144655961,2024-02-16 10:19:06,https://www.facebook.com/events/773952144655961/,2025-12-16,0,0,0,0,418,0,0,0,0,0,0,0,0,0,2026-01-15 14:58:28
103640919705348_709093641414736,2024-02-15 19:12:18,https://www.facebook.com/1115814590742637/posts/709093641414736,2025-12-16,0,0,0,37,1956,0,0,0,19,0,3,0,3,0,2026-01-15 14:58:28
103640919705348_708980428092724,2024-02-15 14:00:11,https://www.facebook.com/1115814590742637/posts/708980428092724,2025-12-16,0,0,0,9,1164,0,0,0,13,0,0,0,0,0,2026-01-15 14:58:28
103640919705348_708349324822501,2024-02-14 14:00:13,https://www.facebook.com/1115814590742637/posts/708349324822501,2025-12-16,0,0,0,10,983,0,0,0,19,1,1,0,0,0,2026-01-15 14:58:28
103640919705348_707729131551187,2024-02-13 14:30:03,https://www.facebook.com/1115814590742637/posts/707729131551187,2025-12-16,0,0,0,18,1608,0,0,0,34,0,0,0,0,0,2026-01-15 14:58:28
103640919705348_707132864944147,2024-02-12 15:00:16,https://www.facebook.com/1115814590742637/posts/707132864944147,2025-12-16,0,0,0,11,1115,0,0,0,22,0,0,0,0,0,2026-01-15 14:58:28
103640919705348_704685155188918,2024-02-08 14:41:14,https://www.facebook.com/1115814590742637/posts/704685155188918,2025-12-16,0,0,0,276,6201,0,0,0,686,2,0,4,0,3,2026-01-15 14:58:28
103640919705348_704172855240148,2024-02-07 18:00:33,https://www.facebook.com/1115814590742637/posts/704172855240148,2025-12-16,0,0,0,5,436,0,0,0,30,1,0,0,0,0,2026-01-15 14:58:28
103640919705348_703430668647700,2024-02-06 11:30:07,https://www.facebook.com/1115814590742637/posts/703430668647700,2025-12-16,0,0,0,12,1295,0,0,0,23,0,1,0,0,0,2026-01-15 14:58:28
103640919705348_700658032258297,2024-02-01 19:10:03,https://www.facebook.com/1115814590742637/posts/700658032258297,2025-12-16,0,0,0,10,1236,0,0,0,38,0,0,0,0,0,2026-01-15 14:58:28
103640919705348_700063992317701,2024-01-31 17:54:15,https://www.facebook.com/1115814590742637/posts/700063992317701,2025-12-16,0,0,0,22,1582,0,0,0,25,0,0,0,0,0,2026-01-15 14:58:28
103640919705348_698914665765967,2024-01-29 18:01:46,https://www.facebook.com/1115814590742637/posts/698914665765967,2025-12-16,0,0,0,13,1543,0,0,0,20,0,0,0,0,0,2026-01-15 14:58:28
103640919705348_697151142608986,2024-01-26 20:48:21,https://www.facebook.com/1115814590742637/posts/697151142608986,2025-12-16,0,0,0,31,3941,0,0,0,25,2,0,0,0,0,2026-01-15 14:58:28
103640919705348_696483179342449,2024-01-25 18:00:36,https://www.facebook.com/1115814590742637/posts/696483179342449,2025-12-16,0,0,0,51,2379,0,0,0,50,0,0,0,0,0,2026-01-15 14:58:28
103640919705348_696285896028844,2024-01-25 09:33:22,https://www.facebook.com/1115814590742637/posts/696285896028844,2025-12-16,0,0,0,5,365,0,0,0,6,1,0,0,0,0,2026-01-15 14:58:28
103640919705348_695878892736211,2024-01-24 17:03:29,https://www.facebook.com/1115814590742637/posts/695878892736211,2025-12-16,0,0,0,6,992,0,0,0,13,0,0,0,0,0,2026-01-15 14:58:28
103640919705348_695358299454937,2024-01-23 19:02:13,https://www.facebook.com/1115814590742637/posts/695358299454937,2025-12-16,0,0,0,40,1902,0,0,0,33,2,0,0,1,0,2026-01-15 14:58:28
103640919705348_695263216131112,2024-01-23 15:10:23,https://www.facebook.com/1115814590742637/posts/695263216131112,2025-12-16,0,0,0,6,2681,0,0,0,21,1,0,0,0,0,2026-01-15 14:58:28
103640919705348_694594279531339,2024-01-22 12:29:28,https://www.facebook.com/1115814590742637/posts/694594279531339,2025-12-16,0,0,0,23,2144,0,0,0,27,1,1,0,3,0,2026-01-15 14:58:28
103640919705348_692278906429543,2024-01-18 17:00:17,https://www.facebook.com/1115814590742637/posts/692278906429543,2025-12-16,0,0,0,29,1725,0,0,0,19,2,0,0,0,0,2026-01-15 14:58:28
103640919705348_692163263107774,2024-01-18 11:48:15,https://www.facebook.com/1115814590742637/posts/692163263107774,2025-12-16,0,0,0,13,1462,0,0,0,20,0,0,0,0,0,2026-01-15 14:58:28
103640919705348_691600446497389,2024-01-17 11:50:27,https://www.facebook.com/1115814590742637/posts/691600446497389,2025-12-16,0,0,0,41,2363,0,0,0,31,0,0,0,0,0,2026-01-15 14:58:28
103640919705348_691164659874301,2024-01-16 17:01:41,https://www.facebook.com/1115814590742637/posts/691164659874301,2025-12-16,0,0,0,13,1621,0,0,0,34,1,0,0,0,0,2026-01-15 14:58:28
103640919705348_690642949926472,2024-01-15 18:00:46,https://www.facebook.com/1115814590742637/posts/690642949926472,2025-12-16,0,0,0,49,2085,0,0,0,18,1,0,0,0,0,2026-01-15 14:58:28
103640919705348_688726813451419,2024-01-12 08:00:31,https://www.facebook.com/1115814590742637/posts/688726813451419,2025-12-16,0,0,0,871,12605,0,0,0,1387,7,2,12,2,3,2026-01-15 14:58:28
103640919705348_688392240151543,2024-01-11 18:09:49,https://www.facebook.com/1115814590742637/posts/688392240151543,2025-12-16,0,0,0,38,1686,0,0,0,42,0,0,0,0,0,2026-01-15 14:58:28
103640919705348_688324623491638,2024-01-11 14:53:52,https://www.facebook.com/1115814590742637/posts/688324623491638,2025-12-16,0,0,0,37,2130,0,0,0,21,0,0,0,0,0,2026-01-15 14:58:28
103640919705348_687883673535733,2024-01-10 19:52:31,https://www.facebook.com/1115814590742637/posts/687883673535733,2025-12-16,0,0,0,3966,30424,0,0,0,176,0,1,2,0,2,2026-01-15 14:58:28
103640919705348_687785110212256,2024-01-10 15:38:28,https://www.facebook.com/1115814590742637/posts/687785110212256,2025-12-16,0,0,0,38,2535,0,0,0,34,1,0,0,0,0,2026-01-15 14:58:28
103640919705348_687332280257539,2024-01-09 20:56:36,https://www.facebook.com/1115814590742637/posts/687332280257539,2025-12-16,0,0,0,9,1256,0,0,0,14,0,0,0,0,0,2026-01-15 14:58:28
103640919705348_686693823654718,2024-01-08 17:42:40,https://www.facebook.com/1115814590742637/posts/686693823654718,2025-12-16,0,0,0,14,1292,0,0,0,13,1,0,0,0,0,2026-01-15 14:58:28
103640919705348_686591586998275,2024-01-08 12:58:36,https://www.facebook.com/1115814590742637/posts/686591586998275,2025-12-16,0,0,0,1550,13548,0,0,0,250,0,2,6,0,4,2026-01-15 14:58:28
103640919705348_685075510483216,2024-01-05 19:20:40,https://www.facebook.com/1115814590742637/posts/685075510483216,2025-12-16,0,0,0,1219,12168,0,0,0,254,1,0,3,0,5,2026-01-15 14:58:28
103640919705348_684484627208971,2024-01-04 18:00:16,https://www.facebook.com/1115814590742637/posts/684484627208971,2025-12-16,0,0,0,63,4135,0,0,0,70,0,1,0,0,0,2026-01-15 14:58:28
103640919705348_1418154862113056,2024-01-04 16:48:14,https://www.facebook.com/events/1418154862113056/,2025-12-16,0,0,0,0,430,0,0,0,0,0,0,0,0,0,2026-01-15 14:58:28
103640919705348_684402883883812,2024-01-04 14:06:42,https://www.facebook.com/1115814590742637/posts/684402883883812,2025-12-16,0,0,0,27,1867,0,0,0,23,0,0,0,0,0,2026-01-15 14:58:28
103640919705348_382980690895296,2024-01-03 18:45:33,https://www.facebook.com/events/382980690895296/,2025-12-16,0,0,0,0,563,0,0,0,0,0,0,0,0,0,2026-01-15 14:58:28
103640919705348_683944760596291,2024-01-03 17:45:51,https://www.facebook.com/1115814590742637/posts/683944760596291,2025-12-16,0,0,0,17,2088,0,0,0,25,1,0,0,0,0,2026-01-15 14:58:28
103640919705348_683848693939231,2024-01-03 13:02:57,https://www.facebook.com/1115814590742637/posts/683848693939231,2025-12-16,0,0,0,172,3648,0,0,0,35,0,8,7,0,0,2026-01-15 14:58:28
103640919705348_683342427323191,2024-01-02 13:19:24,https://www.facebook.com/1115814590742637/posts/683342427323191,2025-12-16,0,0,0,156,7433,0,0,0,101,1,1,0,2,0,2026-01-15 14:58:28
103640919705348_682985097358924,2024-01-01 20:59:09,https://www.facebook.com/1115814590742637/posts/682985097358924,2025-12-16,0,0,0,476,8385,0,0,0,369,1,1,7,0,2,2026-01-15 14:58:28